{
    "moments" :[
      {
        "text" : "哇哇哇哇！爱你毛毛[爱你]！可爱死了啊！\n孤独之前是迷茫，孤独之后是成长；\n孤独没有不好，不接受孤独才不好；\n不合群是表面的孤独，合群了才是内心的孤独。\n那一天，在图书馆闲逛，书从中，这本书吸引了我，从那以后，睡前总会翻上几页。\n或许与初到一个陌生城市有关，或许因为近三十却未立而惆怅。孤独这个字眼对我而言，有着异常的吸引力。\n书中，作者以33段成长故事，描述了33种孤独，也带给了我们33次感怀。",
        "idstr" : "3883144392991722",
        "source" : "微博",
        "source_allowclick" : 1,
        "source_url" : "https://www.weibo.com",
        "created_at" : "Fri Sep 04 00:05:03 +0800 2015",
        "location" : "永州·塞纳河畔",
        "attitudes_status" : 1,
        "attitudes_count" : 4,
        "attitudes_list" : [
          {
            "profile_image_url" : "http://tp4.sinaimg.cn/1448595507/50/22871434059/1",
            "avatar_large" : "http://tp4.sinaimg.cn/1448595507/180/22871434059/1",
            "idstr" : "1448595507 ",
            "screen_name" : "UI中国"
          },
          {
            "profile_image_url" : "http://tp3.sinaimg.cn/2630646082/50/40073330660/1",
            "avatar_large" : "http://tp4.sinaimg.cn/2630646082/180/22871434059/1",
            "idstr" : "2630646082",
            "screen_name" : "photoshop资源库"
          },
          {
            "profile_image_url" : "http://tva3.sinaimg.cn/crop.0.6.264.264.180/93276e1fjw8f5c6ob1pmpj207g07jaa5.jpg",
            "avatar_large" : "http://tva3.sinaimg.cn/crop.0.6.264.264.180/93276e1fjw8f5c6ob1pmpj207g07jaa5.jpg",
            "idstr" : "61856069",
            "screen_name" : "Mike-乱港三千-Mr_元先森"
          },
          {
            "profile_image_url" : "http://tp3.sinaimg.cn/3704303362/50/5731726065/0",
            "avatar_large" : "http://tp3.sinaimg.cn/3704303362/180/5731726065/0",
            "idstr" : "2236171720",
            "screen_name" : "Lightroom资源库"
          }
        ],
        "comments_count" : 2,
        "comments_list" : [
            {
              "idstr" : "3883144392991723",
              "moment_idstr" :"3883144392991722",
              "text" : "孤独之前是迷茫，孤独之后是成长",
              "created_at" : "Fri Sep 04 00:06:04 +0800 2015",
              "from_user" : {
                  "profile_image_url" : "http://tp4.sinaimg.cn/1448595507/50/22871434059/1",
                  "avatar_large" : "http://tp4.sinaimg.cn/1448595507/180/22871434059/1",
                  "idstr" : "1448595507",
                  "screen_name" : "UI中国"
               },
              "to_user" : null
            },
            {
              "idstr" : "3883144392991724",
              "moment_idstr" :"3883144392991722",
              "text" : "你们俩矜持点，都热门评论了[笑cry][笑cry][笑cry]",
              "created_at" : "Fri Sep 04 00:07:04 +0800 2015",
              "from_user" : {
                  "profile_image_url" : "http://tp3.sinaimg.cn/2630646082/50/40073330660/1",
                  "avatar_large" : "http://tp4.sinaimg.cn/2630646082/180/22871434059/1",
                  "idstr" : "2630646082",
                  "screen_name" : "photoshop资源库"
               },
              "to_user" : {
                  "profile_image_url" : "http://tp4.sinaimg.cn/1448595507/50/22871434059/1",
                  "avatar_large" : "http://tp4.sinaimg.cn/1448595507/180/22871434059/1",
                  "idstr" : "1448595507",
                  "screen_name" : "UI中国"
               }
            }
        ],
        "user" : {
            "profile_image_url" : "http://tp1.sinaimg.cn/2236171720/50/5733018646/0",
            "avatar_large" : "http://tp4.sinaimg.cn/1631321083/180/5710401296/0",
            "idstr" : "2236171720",
            "screen_name" : "fiodo"
        },
        "pic_infos" : [
            {
                "thumbnail" : {
                  "cut_type" : 1,
                  "type" : "WEBP",
                  "url" : "http://ww2.sinaimg.cn/or180/613bfbfbgw1evpozdltf3j20ai0f8abf.jpg",
                  "width" : 180,
                  "height" : 260
                },
                "bmiddle" : {
                  "cut_type" : 1,
                  "type" : "WEBP",
                  "url" : "http://ww2.sinaimg.cn/or360/613bfbfbgw1evpozdltf3j20ai0f8abf.jpg",
                  "width" : 360,
                  "height" : 521
                },
                "large" : {
                  "cut_type" : 1,
                  "type" : "JPEG",
                  "url" : "http://ww2.sinaimg.cn/wap720/613bfbfbgw1evpozdltf3j20ai0f8abf.jpg",
                  "width" : "378",
                  "height" : "548"
                },
                "largest" : {
                  "cut_type" : 1,
                  "type" : "JPEG",
                  "url" : "http://ww2.sinaimg.cn/large/613bfbfbgw1evpozdltf3j20ai0f8abf.jpg",
                  "width" : "378",
                  "height" : "548"
                },
                "pic_id" : "613bfbfbgw1evpozdltf3j20ai0f8abf",
                "photo_tag" : 0,
                "original" : {
                  "cut_type" : 1,
                  "type" : "JPEG",
                  "url" : "http://ww2.sinaimg.cn/woriginal/613bfbfbgw1evpozdltf3j20ai0f8abf.jpg",
                  "width" : "378",
                  "height" : "548"
                },
                "keep_size" : 1,
                "object_id" : "1042018:3381f1417050278152ae0c1a8a934520",
                "middleplus" : {
                  "cut_type" : 1,
                  "type" : "WEBP",
                  "url" : "http://ww2.sinaimg.cn/or480/613bfbfbgw1evpozdltf3j20ai0f8abf.jpg",
                  "width" : "378",
                  "height" : "548"
                }
              }
        ]
      },
      {
        "text" : "#Lightroom# 【第137期】lighroom午后猫咖调色思路及方法，对这种调色感兴趣可以借鉴学习，转需~（摄影，后期@柒柒天天是逗比摄影师 ）",
        "idstr" : "3883140499901498",
        "source" : "荣耀8",
        "source_allowclick" : 0,
        "source_url" : "",
        "created_at" : "Fri Sep 04 00:05:03 +0800 2015",
        "location" : "香港·中西区",
        "attitudes_status" : 0,
        "attitudes_count" : 0,
        "attitudes_list" : [

        ],
        "comments_count" : 0,
        "comments_list" : [

        ],
        "user" : {
            "profile_image_url" : "http://tp3.sinaimg.cn/3704303362/50/5731726065/0",
            "avatar_large" : "http://tp3.sinaimg.cn/3704303362/180/5731726065/0",
            "idstr" : "2236171720",
            "screen_name" : "Lightroom资源库"
        },
        "pic_infos" : [
              {
                "thumbnail" : {
                  "cut_type" : 1,
                  "type" : "WEBP",
                  "url" : "http://ww4.sinaimg.cn/or180/dccb2f02gw1evo8ku5d1uj21kw7401ky.jpg",
                  "width" : 180,
                  "height" : 599
                },
                "bmiddle" : {
                  "cut_type" : 1,
                  "type" : "WEBP",
                  "url" : "http://ww4.sinaimg.cn/or360/dccb2f02gw1evo8ku5d1uj21kw7401ky.jpg",
                  "width" : 360,
                  "height" : 1199
                },
                "large" : {
                  "cut_type" : 1,
                  "type" : "JPEG",
                  "url" : "http://ww4.sinaimg.cn/wap720/dccb2f02gw1evo8ku5d1uj21kw7401ky.jpg",
                  "width" : 720,
                  "height" : 3240
                },
                "largest" : {
                  "cut_type" : 1,
                  "type" : "JPEG",
                  "url" : "http://ww4.sinaimg.cn/large/dccb2f02gw1evo8ku5d1uj21kw7401ky.jpg",
                  "width" : "2048",
                  "height" : "9216"
                },
                "pic_id" : "dccb2f02gw1evo8ku5d1uj21kw7401ky",
                "photo_tag" : 0,
                "original" : {
                  "cut_type" : 1,
                  "type" : "JPEG",
                  "url" : "http://ww4.sinaimg.cn/woriginal/dccb2f02gw1evo8ku5d1uj21kw7401ky.jpg",
                  "width" : "2048",
                  "height" : "9216"
                },
                "object_id" : "1042018:807b8733eac835d3bb7bb197648f7acd",
                "middleplus" : {
                  "cut_type" : 1,
                  "type" : "WEBP",
                  "url" : "http://ww4.sinaimg.cn/or480/dccb2f02gw1evo8ku5d1uj21kw7401ky.jpg",
                  "width" : 480,
                  "height" : 1599
                }
              },
              {
                "thumbnail" : {
                  "cut_type" : 1,
                  "type" : "WEBP",
                  "url" : "http://ww2.sinaimg.cn/or180/dccb2f02gw1evo8ke0t2pj21kw740u0x.jpg",
                  "width" : 180,
                  "height" : 599
                },
                "bmiddle" : {
                  "cut_type" : 1,
                  "type" : "WEBP",
                  "url" : "http://ww2.sinaimg.cn/or360/dccb2f02gw1evo8ke0t2pj21kw740u0x.jpg",
                  "width" : 360,
                  "height" : 1199
                },
                "large" : {
                  "cut_type" : 1,
                  "type" : "JPEG",
                  "url" : "http://ww2.sinaimg.cn/wap720/dccb2f02gw1evo8ke0t2pj21kw740u0x.jpg",
                  "width" : 720,
                  "height" : 3240
                },
                "largest" : {
                  "cut_type" : 1,
                  "type" : "JPEG",
                  "url" : "http://ww2.sinaimg.cn/large/dccb2f02gw1evo8ke0t2pj21kw740u0x.jpg",
                  "width" : "2048",
                  "height" : "9216"
                },
                "pic_id" : "dccb2f02gw1evo8ke0t2pj21kw740u0x",
                "photo_tag" : 0,
                "original" : {
                  "cut_type" : 1,
                  "type" : "JPEG",
                  "url" : "http://ww2.sinaimg.cn/woriginal/dccb2f02gw1evo8ke0t2pj21kw740u0x.jpg",
                  "width" : "2048",
                  "height" : "9216"
                },
                "object_id" : "1042018:2d8822d42bb52815ac779d7defb92cae",
                "middleplus" : {
                  "cut_type" : 1,
                  "type" : "WEBP",
                  "url" : "http://ww2.sinaimg.cn/or480/dccb2f02gw1evo8ke0t2pj21kw740u0x.jpg",
                  "width" : 480,
                  "height" : 1599
                }
              },
              {
                "thumbnail" : {
                  "cut_type" : 1,
                  "type" : "WEBP",
                  "url" : "http://ww4.sinaimg.cn/or180/dccb2f02gw1evo8mistttj21kw740npd.jpg",
                  "width" : 180,
                  "height" : 599
                },
                "bmiddle" : {
                  "cut_type" : 1,
                  "type" : "WEBP",
                  "url" : "http://ww4.sinaimg.cn/or360/dccb2f02gw1evo8mistttj21kw740npd.jpg",
                  "width" : 360,
                  "height" : 1199
                },
                "large" : {
                  "cut_type" : 1,
                  "type" : "JPEG",
                  "url" : "http://ww4.sinaimg.cn/wap720/dccb2f02gw1evo8mistttj21kw740npd.jpg",
                  "width" : 720,
                  "height" : 3240
                },
                "largest" : {
                  "cut_type" : 1,
                  "type" : "JPEG",
                  "url" : "http://ww4.sinaimg.cn/large/dccb2f02gw1evo8mistttj21kw740npd.jpg",
                  "width" : "2048",
                  "height" : "9216"
                },
                "pic_id" : "dccb2f02gw1evo8mistttj21kw740npd",
                "photo_tag" : 0,
                "original" : {
                  "cut_type" : 1,
                  "type" : "JPEG",
                  "url" : "http://ww4.sinaimg.cn/woriginal/dccb2f02gw1evo8mistttj21kw740npd.jpg",
                  "width" : "2048",
                  "height" : "9216"
                },
                "object_id" : "1042018:7b838a841a4b998d4c92dd1f9d2bf67e",
                "middleplus" : {
                  "cut_type" : 1,
                  "type" : "WEBP",
                  "url" : "http://ww4.sinaimg.cn/or480/dccb2f02gw1evo8mistttj21kw740npd.jpg",
                  "width" : 480,
                  "height" : 1599
                }
              },
              {
                "thumbnail" : {
                  "cut_type" : 1,
                  "type" : "WEBP",
                  "url" : "http://ww1.sinaimg.cn/or180/dccb2f02gw1evo8jw37ooj21kw23uk60.jpg",
                  "width" : 180,
                  "height" : 239
                },
                "bmiddle" : {
                  "cut_type" : 1,
                  "type" : "WEBP",
                  "url" : "http://ww1.sinaimg.cn/or360/dccb2f02gw1evo8jw37ooj21kw23uk60.jpg",
                  "width" : 360,
                  "height" : 479
                },
                "large" : {
                  "cut_type" : 1,
                  "type" : "JPEG",
                  "url" : "http://ww1.sinaimg.cn/wap720/dccb2f02gw1evo8jw37ooj21kw23uk60.jpg",
                  "width" : 720,
                  "height" : 959
                },
                "largest" : {
                  "cut_type" : 1,
                  "type" : "JPEG",
                  "url" : "http://ww1.sinaimg.cn/large/dccb2f02gw1evo8jw37ooj21kw23uk60.jpg",
                  "width" : "2048",
                  "height" : "2730"
                },
                "pic_id" : "dccb2f02gw1evo8jw37ooj21kw23uk60",
                "photo_tag" : 0,
                "original" : {
                  "cut_type" : 1,
                  "type" : "JPEG",
                  "url" : "http://ww1.sinaimg.cn/woriginal/dccb2f02gw1evo8jw37ooj21kw23uk60.jpg",
                  "width" : "2048",
                  "height" : "2730"
                },
                "object_id" : "1042018:aed06b03e7d6b4e61b2386e6be618a77",
                "middleplus" : {
                  "cut_type" : 1,
                  "type" : "WEBP",
                  "url" : "http://ww1.sinaimg.cn/or480/dccb2f02gw1evo8jw37ooj21kw23uk60.jpg",
                  "width" : 480,
                  "height" : 639
                }
              },
              {
                "thumbnail" : {
                  "cut_type" : 1,
                  "type" : "WEBP",
                  "url" : "http://ww2.sinaimg.cn/or180/dccb2f02gw1evo8kdejrrj21kw23u12y.jpg",
                  "width" : 180,
                  "height" : 239
                },
                "bmiddle" : {
                  "cut_type" : 1,
                  "type" : "WEBP",
                  "url" : "http://ww2.sinaimg.cn/or360/dccb2f02gw1evo8kdejrrj21kw23u12y.jpg",
                  "width" : 360,
                  "height" : 479
                },
                "large" : {
                  "cut_type" : 1,
                  "type" : "JPEG",
                  "url" : "http://ww2.sinaimg.cn/wap720/dccb2f02gw1evo8kdejrrj21kw23u12y.jpg",
                  "width" : 720,
                  "height" : 959
                },
                "largest" : {
                  "cut_type" : 1,
                  "type" : "JPEG",
                  "url" : "http://ww2.sinaimg.cn/large/dccb2f02gw1evo8kdejrrj21kw23u12y.jpg",
                  "width" : "2048",
                  "height" : "2730"
                },
                "pic_id" : "dccb2f02gw1evo8kdejrrj21kw23u12y",
                "photo_tag" : 0,
                "original" : {
                  "cut_type" : 1,
                  "type" : "JPEG",
                  "url" : "http://ww2.sinaimg.cn/woriginal/dccb2f02gw1evo8kdejrrj21kw23u12y.jpg",
                  "width" : "2048",
                  "height" : "2730"
                },
                "object_id" : "1042018:e346687669ffda36982a9c2036703d69",
                "middleplus" : {
                  "cut_type" : 1,
                  "type" : "WEBP",
                  "url" : "http://ww2.sinaimg.cn/or480/dccb2f02gw1evo8kdejrrj21kw23u12y.jpg",
                  "width" : 480,
                  "height" : 639
                }
              },
              {
                "thumbnail" : {
                  "cut_type" : 1,
                  "type" : "WEBP",
                  "url" : "http://ww3.sinaimg.cn/or180/dccb2f02gw1evo8k0r4m8j21kw23u14p.jpg",
                  "width" : 180,
                  "height" : 239
                },
                "bmiddle" : {
                  "cut_type" : 1,
                  "type" : "WEBP",
                  "url" : "http://ww3.sinaimg.cn/or360/dccb2f02gw1evo8k0r4m8j21kw23u14p.jpg",
                  "width" : 360,
                  "height" : 479
                },
                "large" : {
                  "cut_type" : 1,
                  "type" : "JPEG",
                  "url" : "http://ww3.sinaimg.cn/wap720/dccb2f02gw1evo8k0r4m8j21kw23u14p.jpg",
                  "width" : 720,
                  "height" : 959
                },
                "largest" : {
                  "cut_type" : 1,
                  "type" : "JPEG",
                  "url" : "http://ww3.sinaimg.cn/large/dccb2f02gw1evo8k0r4m8j21kw23u14p.jpg",
                  "width" : "2048",
                  "height" : "2730"
                },
                "pic_id" : "dccb2f02gw1evo8k0r4m8j21kw23u14p",
                "photo_tag" : 0,
                "original" : {
                  "cut_type" : 1,
                  "type" : "JPEG",
                  "url" : "http://ww3.sinaimg.cn/woriginal/dccb2f02gw1evo8k0r4m8j21kw23u14p.jpg",
                  "width" : "2048",
                  "height" : "2730"
                },
                "object_id" : "1042018:dbac43117944e45766286a22372bd30b",
                "middleplus" : {
                  "cut_type" : 1,
                  "type" : "WEBP",
                  "url" : "http://ww3.sinaimg.cn/or480/dccb2f02gw1evo8k0r4m8j21kw23u14p.jpg",
                  "width" : 480,
                  "height" : 639
                }
              },
              {
                "thumbnail" : {
                  "cut_type" : 1,
                  "type" : "WEBP",
                  "url" : "http://ww2.sinaimg.cn/or180/dccb2f02gw1evo8k2ybi8j21kw23uahg.jpg",
                  "width" : 180,
                  "height" : 239
                },
                "bmiddle" : {
                  "cut_type" : 1,
                  "type" : "WEBP",
                  "url" : "http://ww2.sinaimg.cn/or360/dccb2f02gw1evo8k2ybi8j21kw23uahg.jpg",
                  "width" : 360,
                  "height" : 479
                },
                "large" : {
                  "cut_type" : 1,
                  "type" : "JPEG",
                  "url" : "http://ww2.sinaimg.cn/wap720/dccb2f02gw1evo8k2ybi8j21kw23uahg.jpg",
                  "width" : 720,
                  "height" : 959
                },
                "largest" : {
                  "cut_type" : 1,
                  "type" : "JPEG",
                  "url" : "http://ww2.sinaimg.cn/large/dccb2f02gw1evo8k2ybi8j21kw23uahg.jpg",
                  "width" : "2048",
                  "height" : "2730"
                },
                "pic_id" : "dccb2f02gw1evo8k2ybi8j21kw23uahg",
                "photo_tag" : 0,
                "original" : {
                  "cut_type" : 1,
                  "type" : "JPEG",
                  "url" : "http://ww2.sinaimg.cn/woriginal/dccb2f02gw1evo8k2ybi8j21kw23uahg.jpg",
                  "width" : "2048",
                  "height" : "2730"
                },
                "object_id" : "1042018:5c2dd789071d7de0a8722d76655f6ea8",
                "middleplus" : {
                  "cut_type" : 1,
                  "type" : "WEBP",
                  "url" : "http://ww2.sinaimg.cn/or480/dccb2f02gw1evo8k2ybi8j21kw23uahg.jpg",
                  "width" : 480,
                  "height" : 639
                }
              },
              {
                "thumbnail" : {
                  "cut_type" : 1,
                  "type" : "WEBP",
                  "url" : "http://ww2.sinaimg.cn/or180/dccb2f02gw1evo8jxa5o2j21kw23uaob.jpg",
                  "width" : 180,
                  "height" : 239
                },
                "bmiddle" : {
                  "cut_type" : 1,
                  "type" : "WEBP",
                  "url" : "http://ww2.sinaimg.cn/or360/dccb2f02gw1evo8jxa5o2j21kw23uaob.jpg",
                  "width" : 360,
                  "height" : 479
                },
                "large" : {
                  "cut_type" : 1,
                  "type" : "JPEG",
                  "url" : "http://ww2.sinaimg.cn/wap720/dccb2f02gw1evo8jxa5o2j21kw23uaob.jpg",
                  "width" : 720,
                  "height" : 959
                },
                "largest" : {
                  "cut_type" : 1,
                  "type" : "JPEG",
                  "url" : "http://ww2.sinaimg.cn/large/dccb2f02gw1evo8jxa5o2j21kw23uaob.jpg",
                  "width" : "2048",
                  "height" : "2730"
                },
                "pic_id" : "dccb2f02gw1evo8jxa5o2j21kw23uaob",
                "photo_tag" : 0,
                "original" : {
                  "cut_type" : 1,
                  "type" : "JPEG",
                  "url" : "http://ww2.sinaimg.cn/woriginal/dccb2f02gw1evo8jxa5o2j21kw23uaob.jpg",
                  "width" : "2048",
                  "height" : "2730"
                },
                "object_id" : "1042018:3597fbdeded6a7b6164b094eee15dc87",
                "middleplus" : {
                  "cut_type" : 1,
                  "type" : "WEBP",
                  "url" : "http://ww2.sinaimg.cn/or480/dccb2f02gw1evo8jxa5o2j21kw23uaob.jpg",
                  "width" : 480,
                  "height" : 639
                }
              },
              {
                "thumbnail" : {
                  "cut_type" : 1,
                  "type" : "WEBP",
                  "url" : "http://ww1.sinaimg.cn/or180/dccb2f02gw1evo8k7j5gjj21kw23utlu.jpg",
                  "width" : 180,
                  "height" : 239
                },
                "bmiddle" : {
                  "cut_type" : 1,
                  "type" : "WEBP",
                  "url" : "http://ww1.sinaimg.cn/or360/dccb2f02gw1evo8k7j5gjj21kw23utlu.jpg",
                  "width" : 360,
                  "height" : 479
                },
                "large" : {
                  "cut_type" : 1,
                  "type" : "JPEG",
                  "url" : "http://ww1.sinaimg.cn/wap720/dccb2f02gw1evo8k7j5gjj21kw23utlu.jpg",
                  "width" : 720,
                  "height" : 959
                },
                "largest" : {
                  "cut_type" : 1,
                  "type" : "JPEG",
                  "url" : "http://ww1.sinaimg.cn/large/dccb2f02gw1evo8k7j5gjj21kw23utlu.jpg",
                  "width" : "2048",
                  "height" : "2730"
                },
                "pic_id" : "dccb2f02gw1evo8k7j5gjj21kw23utlu",
                "photo_tag" : 0,
                "original" : {
                  "cut_type" : 1,
                  "type" : "JPEG",
                  "url" : "http://ww1.sinaimg.cn/woriginal/dccb2f02gw1evo8k7j5gjj21kw23utlu.jpg",
                  "width" : "2048",
                  "height" : "2730"
                },
                "object_id" : "1042018:c4afce108382a74fdd6839b971c91cab",
                "middleplus" : {
                  "cut_type" : 1,
                  "type" : "WEBP",
                  "url" : "http://ww1.sinaimg.cn/or480/dccb2f02gw1evo8k7j5gjj21kw23utlu.jpg",
                  "width" : 480,
                  "height" : 639
                }
              }
        ]
      },
      {
        "text" : "他说：“无论她有多大错，她开始哭的一刹那就是我错了 ”",   
        "idstr" : "3883142337091650",
        "source" : "微博",
        "source_allowclick" : 0,
        "source_url" : "http://weibo.com/",
        "created_at" : "Fri Sep 04 00:12:21 +0800 2015",
        "location" : "",
        "attitudes_status" : 0,
        "attitudes_count" : 0,
        "attitudes_list" : [

        ],
        "comments_count" : 0,
        "comments_list" : [

        ],
        "user" : {
            "profile_image_url" : "http://tp2.sinaimg.cn/3178541805/50/5718597241/1",
            "avatar_large" : "http://tp2.sinaimg.cn/3178541805/180/5718597241/1",
            "idstr" : "3178541805",
            "screen_name" : "Sai资源库"
        },
        "pic_infos" : [
            {
              "thumbnail" : {
                "cut_type" : 1,
                "type" : "WEBP",
                "url" : "http://ww3.sinaimg.cn/or180/bd74b2edgw1evppuiiqg5j20c80h676x.jpg",
                "width" : 180,
                "height" : 252
              },
              "bmiddle" : {
                "cut_type" : 1,
                "type" : "WEBP",
                "url" : "http://ww3.sinaimg.cn/or360/bd74b2edgw1evppuiiqg5j20c80h676x.jpg",
                "width" : 360,
                "height" : 505
              },
              "large" : {
                "cut_type" : 1,
                "type" : "JPEG",
                "url" : "http://ww3.sinaimg.cn/wap720/bd74b2edgw1evppuiiqg5j20c80h676x.jpg",
                "width" : "440",
                "height" : "618"
              },
              "largest" : {
                "cut_type" : 1,
                "type" : "JPEG",
                "url" : "http://ww3.sinaimg.cn/large/bd74b2edgw1evppuiiqg5j20c80h676x.jpg",
                "width" : "440",
                "height" : "618"
              },
              "pic_id" : "bd74b2edgw1evppuiiqg5j20c80h676x",
              "photo_tag" : 0,
              "original" : {
                "cut_type" : 1,
                "type" : "JPEG",
                "url" : "http://ww3.sinaimg.cn/woriginal/bd74b2edgw1evppuiiqg5j20c80h676x.jpg",
                "width" : "440",
                "height" : "618"
              },
              "keep_size" : 1,
              "object_id" : "1042018:25c942731d0b9599d293e6f6887e23ed",
              "middleplus" : {
                "cut_type" : 1,
                "type" : "WEBP",
                "url" : "http://ww3.sinaimg.cn/or480/bd74b2edgw1evppuiiqg5j20c80h676x.jpg",
                "width" : "440",
                "height" : "618"
              }
            }
        ]
      },
      {
        "text" : "#UI教程# 【第127期】绘制一个风扇的图标，整个教程详细，有兴趣的可以借鉴学习，记得交作业，转需~",   
        "idstr" : "3881600351332260",
        "source" : "",
        "source_allowclick" : 0,
        "source_url" : "",
        "created_at" : "Sun Aug 30 18:05:03 +0800 2015",
        "location" : "深圳·安乐新村",
        "attitudes_status" : 0,
        "attitudes_count" : 0,
        "attitudes_list" : [

        ],
        "comments_count" : 0,
        "comments_list" : [

        ],
        "user" : {
            "profile_image_url" : "https://tva2.sinaimg.cn/crop.1.6.173.173.180/0069Fypijw8ezak7u3588j30500503yl.jpg",
            "avatar_large" : "https://tva2.sinaimg.cn/crop.1.6.173.173.180/0069Fypijw8ezak7u3588j30500503yl.jpg",
            "idstr" : "5639687728",
            "screen_name" : "UI资源库"
        },
        "pic_infos" : [
              {
                "thumbnail" : {
                  "cut_type" : 1,
                  "type" : "WEBP",
                  "url" : "http://ww2.sinaimg.cn/or180/0069Fypigw1evjebdijjvj30ia0ueqaz.jpg",
                  "width" : 180,
                  "height" : 299
                },
                "bmiddle" : {
                  "cut_type" : 1,
                  "type" : "WEBP",
                  "url" : "http://ww2.sinaimg.cn/or360/0069Fypigw1evjebdijjvj30ia0ueqaz.jpg",
                  "width" : 360,
                  "height" : 598
                },
                "large" : {
                  "cut_type" : 1,
                  "type" : "JPEG",
                  "url" : "http://ww2.sinaimg.cn/wap720/0069Fypigw1evjebdijjvj30ia0ueqaz.jpg",
                  "width" : "658",
                  "height" : "1094"
                },
                "largest" : {
                  "cut_type" : 1,
                  "type" : "JPEG",
                  "url" : "http://ww2.sinaimg.cn/large/0069Fypigw1evjebdijjvj30ia0ueqaz.jpg",
                  "width" : "658",
                  "height" : "1094"
                },
                "pic_id" : "0069Fypigw1evjebdijjvj30ia0ueqaz",
                "photo_tag" : 0,
                "original" : {
                  "cut_type" : 1,
                  "type" : "JPEG",
                  "url" : "http://ww2.sinaimg.cn/woriginal/0069Fypigw1evjebdijjvj30ia0ueqaz.jpg",
                  "width" : "658",
                  "height" : "1094"
                },
                "object_id" : "1042018:ec96367ea6750ab09d157aae6eb0a788",
                "middleplus" : {
                  "cut_type" : 1,
                  "type" : "WEBP",
                  "url" : "http://ww2.sinaimg.cn/or480/0069Fypigw1evjebdijjvj30ia0ueqaz.jpg",
                  "width" : 480,
                  "height" : 798
                }
              },
              {
                "thumbnail" : {
                  "cut_type" : 1,
                  "type" : "WEBP",
                  "url" : "http://ww4.sinaimg.cn/or180/0069Fypigw1evjebga605j30ia19sqeb.jpg",
                  "width" : 180,
                  "height" : 450
                },
                "bmiddle" : {
                  "cut_type" : 1,
                  "type" : "WEBP",
                  "url" : "http://ww4.sinaimg.cn/or360/0069Fypigw1evjebga605j30ia19sqeb.jpg",
                  "width" : 360,
                  "height" : 901
                },
                "large" : {
                  "cut_type" : 1,
                  "type" : "JPEG",
                  "url" : "http://ww4.sinaimg.cn/wap720/0069Fypigw1evjebga605j30ia19sqeb.jpg",
                  "width" : "658",
                  "height" : "1648"
                },
                "largest" : {
                  "cut_type" : 1,
                  "type" : "JPEG",
                  "url" : "http://ww4.sinaimg.cn/large/0069Fypigw1evjebga605j30ia19sqeb.jpg",
                  "width" : "658",
                  "height" : "1648"
                },
                "pic_id" : "0069Fypigw1evjebga605j30ia19sqeb",
                "photo_tag" : 0,
                "original" : {
                  "cut_type" : 1,
                  "type" : "JPEG",
                  "url" : "http://ww4.sinaimg.cn/woriginal/0069Fypigw1evjebga605j30ia19sqeb.jpg",
                  "width" : "658",
                  "height" : "1648"
                },
                "object_id" : "1042018:f7be9e3140d6f9cf1a0e28db79313ad3",
                "middleplus" : {
                  "cut_type" : 1,
                  "type" : "WEBP",
                  "url" : "http://ww4.sinaimg.cn/or480/0069Fypigw1evjebga605j30ia19sqeb.jpg",
                  "width" : 480,
                  "height" : 1202
                }
              },
              {
                "thumbnail" : {
                  "cut_type" : 1,
                  "type" : "WEBP",
                  "url" : "http://ww2.sinaimg.cn/or180/0069Fypigw1evjebj6gbbj30ia124akc.jpg",
                  "width" : 180,
                  "height" : 375
                },
                "bmiddle" : {
                  "cut_type" : 1,
                  "type" : "WEBP",
                  "url" : "http://ww2.sinaimg.cn/or360/0069Fypigw1evjebj6gbbj30ia124akc.jpg",
                  "width" : 360,
                  "height" : 750
                },
                "large" : {
                  "cut_type" : 1,
                  "type" : "JPEG",
                  "url" : "http://ww2.sinaimg.cn/wap720/0069Fypigw1evjebj6gbbj30ia124akc.jpg",
                  "width" : "658",
                  "height" : "1372"
                },
                "largest" : {
                  "cut_type" : 1,
                  "type" : "JPEG",
                  "url" : "http://ww2.sinaimg.cn/large/0069Fypigw1evjebj6gbbj30ia124akc.jpg",
                  "width" : "658",
                  "height" : "1372"
                },
                "pic_id" : "0069Fypigw1evjebj6gbbj30ia124akc",
                "photo_tag" : 0,
                "original" : {
                  "cut_type" : 1,
                  "type" : "JPEG",
                  "url" : "http://ww2.sinaimg.cn/woriginal/0069Fypigw1evjebj6gbbj30ia124akc.jpg",
                  "width" : "658",
                  "height" : "1372"
                },
                "object_id" : "1042018:5a5482417a468c622b3850fdd3ded60a",
                "middleplus" : {
                  "cut_type" : 1,
                  "type" : "WEBP",
                  "url" : "http://ww2.sinaimg.cn/or480/0069Fypigw1evjebj6gbbj30ia124akc.jpg",
                  "width" : 480,
                  "height" : 1000
                }
              },
              {
                "thumbnail" : {
                  "cut_type" : 1,
                  "type" : "WEBP",
                  "url" : "http://ww3.sinaimg.cn/or180/0069Fypigw1evjebie67wj30ia0jgn0y.jpg",
                  "width" : 180,
                  "height" : 191
                },
                "bmiddle" : {
                  "cut_type" : 1,
                  "type" : "WEBP",
                  "url" : "http://ww3.sinaimg.cn/or360/0069Fypigw1evjebie67wj30ia0jgn0y.jpg",
                  "width" : 360,
                  "height" : 382
                },
                "large" : {
                  "cut_type" : 1,
                  "type" : "JPEG",
                  "url" : "http://ww3.sinaimg.cn/wap720/0069Fypigw1evjebie67wj30ia0jgn0y.jpg",
                  "width" : "658",
                  "height" : "700"
                },
                "largest" : {
                  "cut_type" : 1,
                  "type" : "JPEG",
                  "url" : "http://ww3.sinaimg.cn/large/0069Fypigw1evjebie67wj30ia0jgn0y.jpg",
                  "width" : "658",
                  "height" : "700"
                },
                "pic_id" : "0069Fypigw1evjebie67wj30ia0jgn0y",
                "photo_tag" : 0,
                "original" : {
                  "cut_type" : 1,
                  "type" : "JPEG",
                  "url" : "http://ww3.sinaimg.cn/woriginal/0069Fypigw1evjebie67wj30ia0jgn0y.jpg",
                  "width" : "658",
                  "height" : "700"
                },
                "object_id" : "1042018:bb932320d387e7c5b802dc75d1268d1c",
                "middleplus" : {
                  "cut_type" : 1,
                  "type" : "WEBP",
                  "url" : "http://ww3.sinaimg.cn/or480/0069Fypigw1evjebie67wj30ia0jgn0y.jpg",
                  "width" : 480,
                  "height" : 510
                }
              },
              {
                "thumbnail" : {
                  "cut_type" : 1,
                  "type" : "WEBP",
                  "url" : "http://ww1.sinaimg.cn/or180/0069Fypigw1evjebcujxpj30bu0arq6b.jpg",
                  "width" : 165,
                  "height" : 150
                },
                "bmiddle" : {
                  "cut_type" : 1,
                  "type" : "WEBP",
                  "url" : "http://ww1.sinaimg.cn/or360/0069Fypigw1evjebcujxpj30bu0arq6b.jpg",
                  "width" : 297,
                  "height" : 270
                },
                "large" : {
                  "cut_type" : 1,
                  "type" : "JPEG",
                  "url" : "http://ww1.sinaimg.cn/wap720/0069Fypigw1evjebcujxpj30bu0arq6b.jpg",
                  "width" : "426",
                  "height" : "387"
                },
                "largest" : {
                  "cut_type" : 1,
                  "type" : "JPEG",
                  "url" : "http://ww1.sinaimg.cn/large/0069Fypigw1evjebcujxpj30bu0arq6b.jpg",
                  "width" : "426",
                  "height" : "387"
                },
                "pic_id" : "0069Fypigw1evjebcujxpj30bu0arq6b",
                "photo_tag" : 0,
                "original" : {
                  "cut_type" : 1,
                  "type" : "JPEG",
                  "url" : "http://ww1.sinaimg.cn/woriginal/0069Fypigw1evjebcujxpj30bu0arq6b.jpg",
                  "width" : "426",
                  "height" : "387"
                },
                "object_id" : "1042018:bcf77a2c7a7372b10649d21107de1bab",
                "middleplus" : {
                  "cut_type" : 1,
                  "type" : "WEBP",
                  "url" : "http://ww1.sinaimg.cn/or480/0069Fypigw1evjebcujxpj30bu0arq6b.jpg",
                  "width" : 396,
                  "height" : 360
                }
              },
              {
                "thumbnail" : {
                  "cut_type" : 1,
                  "type" : "WEBP",
                  "url" : "http://ww2.sinaimg.cn/or180/0069Fypigw1evjebedk41j30ia0z4afz.jpg",
                  "width" : 180,
                  "height" : 345
                },
                "bmiddle" : {
                  "cut_type" : 1,
                  "type" : "WEBP",
                  "url" : "http://ww2.sinaimg.cn/or360/0069Fypigw1evjebedk41j30ia0z4afz.jpg",
                  "width" : 360,
                  "height" : 691
                },
                "large" : {
                  "cut_type" : 1,
                  "type" : "JPEG",
                  "url" : "http://ww2.sinaimg.cn/wap720/0069Fypigw1evjebedk41j30ia0z4afz.jpg",
                  "width" : "658",
                  "height" : "1264"
                },
                "largest" : {
                  "cut_type" : 1,
                  "type" : "JPEG",
                  "url" : "http://ww2.sinaimg.cn/large/0069Fypigw1evjebedk41j30ia0z4afz.jpg",
                  "width" : "658",
                  "height" : "1264"
                },
                "pic_id" : "0069Fypigw1evjebedk41j30ia0z4afz",
                "photo_tag" : 0,
                "original" : {
                  "cut_type" : 1,
                  "type" : "JPEG",
                  "url" : "http://ww2.sinaimg.cn/woriginal/0069Fypigw1evjebedk41j30ia0z4afz.jpg",
                  "width" : "658",
                  "height" : "1264"
                },
                "object_id" : "1042018:9ab317df1edaa083c3c4c7360c0e2a80",
                "middleplus" : {
                  "cut_type" : 1,
                  "type" : "WEBP",
                  "url" : "http://ww2.sinaimg.cn/or480/0069Fypigw1evjebedk41j30ia0z4afz.jpg",
                  "width" : 480,
                  "height" : 922
                }
              },
              {
                "thumbnail" : {
                  "cut_type" : 1,
                  "type" : "WEBP",
                  "url" : "http://ww2.sinaimg.cn/or180/0069Fypigw1evjebf5minj30ia140k0k.jpg",
                  "width" : 180,
                  "height" : 393
                },
                "bmiddle" : {
                  "cut_type" : 1,
                  "type" : "WEBP",
                  "url" : "http://ww2.sinaimg.cn/or360/0069Fypigw1evjebf5minj30ia140k0k.jpg",
                  "width" : 360,
                  "height" : 787
                },
                "large" : {
                  "cut_type" : 1,
                  "type" : "JPEG",
                  "url" : "http://ww2.sinaimg.cn/wap720/0069Fypigw1evjebf5minj30ia140k0k.jpg",
                  "width" : "658",
                  "height" : "1440"
                },
                "largest" : {
                  "cut_type" : 1,
                  "type" : "JPEG",
                  "url" : "http://ww2.sinaimg.cn/large/0069Fypigw1evjebf5minj30ia140k0k.jpg",
                  "width" : "658",
                  "height" : "1440"
                },
                "pic_id" : "0069Fypigw1evjebf5minj30ia140k0k",
                "photo_tag" : 0,
                "original" : {
                  "cut_type" : 1,
                  "type" : "JPEG",
                  "url" : "http://ww2.sinaimg.cn/woriginal/0069Fypigw1evjebf5minj30ia140k0k.jpg",
                  "width" : "658",
                  "height" : "1440"
                },
                "object_id" : "1042018:ce960c140570db3d4e7a52bf3d2c5c63",
                "middleplus" : {
                  "cut_type" : 1,
                  "type" : "WEBP",
                  "url" : "http://ww2.sinaimg.cn/or480/0069Fypigw1evjebf5minj30ia140k0k.jpg",
                  "width" : 480,
                  "height" : 1050
                }
              },
              {
                "thumbnail" : {
                  "cut_type" : 1,
                  "type" : "WEBP",
                  "url" : "http://ww3.sinaimg.cn/or180/0069Fypigw1evjebgvx5cj30ia10845k.jpg",
                  "width" : 180,
                  "height" : 356
                },
                "bmiddle" : {
                  "cut_type" : 1,
                  "type" : "WEBP",
                  "url" : "http://ww3.sinaimg.cn/or360/0069Fypigw1evjebgvx5cj30ia10845k.jpg",
                  "width" : 360,
                  "height" : 713
                },
                "large" : {
                  "cut_type" : 1,
                  "type" : "JPEG",
                  "url" : "http://ww3.sinaimg.cn/wap720/0069Fypigw1evjebgvx5cj30ia10845k.jpg",
                  "width" : "658",
                  "height" : "1304"
                },
                "largest" : {
                  "cut_type" : 1,
                  "type" : "JPEG",
                  "url" : "http://ww3.sinaimg.cn/large/0069Fypigw1evjebgvx5cj30ia10845k.jpg",
                  "width" : "658",
                  "height" : "1304"
                },
                "pic_id" : "0069Fypigw1evjebgvx5cj30ia10845k",
                "photo_tag" : 0,
                "original" : {
                  "cut_type" : 1,
                  "type" : "JPEG",
                  "url" : "http://ww3.sinaimg.cn/woriginal/0069Fypigw1evjebgvx5cj30ia10845k.jpg",
                  "width" : "658",
                  "height" : "1304"
                },
                "object_id" : "1042018:24172856c5fd62b41284336973dbbe3c",
                "middleplus" : {
                  "cut_type" : 1,
                  "type" : "WEBP",
                  "url" : "http://ww3.sinaimg.cn/or480/0069Fypigw1evjebgvx5cj30ia10845k.jpg",
                  "width" : 480,
                  "height" : 951
                }
              },
              {
                "thumbnail" : {
                  "cut_type" : 1,
                  "type" : "WEBP",
                  "url" : "http://ww1.sinaimg.cn/or180/0069Fypigw1evjebhgllmj30ia0rk7aa.jpg",
                  "width" : 180,
                  "height" : 271
                },
                "bmiddle" : {
                  "cut_type" : 1,
                  "type" : "WEBP",
                  "url" : "http://ww1.sinaimg.cn/or360/0069Fypigw1evjebhgllmj30ia0rk7aa.jpg",
                  "width" : 360,
                  "height" : 542
                },
                "large" : {
                  "cut_type" : 1,
                  "type" : "JPEG",
                  "url" : "http://ww1.sinaimg.cn/wap720/0069Fypigw1evjebhgllmj30ia0rk7aa.jpg",
                  "width" : "658",
                  "height" : "992"
                },
                "largest" : {
                  "cut_type" : 1,
                  "type" : "JPEG",
                  "url" : "http://ww1.sinaimg.cn/large/0069Fypigw1evjebhgllmj30ia0rk7aa.jpg",
                  "width" : "658",
                  "height" : "992"
                },
                "pic_id" : "0069Fypigw1evjebhgllmj30ia0rk7aa",
                "photo_tag" : 0,
                "original" : {
                  "cut_type" : 1,
                  "type" : "JPEG",
                  "url" : "http://ww1.sinaimg.cn/woriginal/0069Fypigw1evjebhgllmj30ia0rk7aa.jpg",
                  "width" : "658",
                  "height" : "992"
                },
                "object_id" : "1042018:6f820303d84ea69f4655cc1afbf4c913",
                "middleplus" : {
                  "cut_type" : 1,
                  "type" : "WEBP",
                  "url" : "http://ww1.sinaimg.cn/or480/0069Fypigw1evjebhgllmj30ia0rk7aa.jpg",
                  "width" : 480,
                  "height" : 723
                }
              }
        ]
      },
      {
        "text" : "#实用素材# 把国旗放入眼睛，让祖国尽在眼里，今天最美丽最迷人的眼睛，画法及上色思路，非常棒，无水印，自己收藏。转需~（画师：@典zei ）",
        "idstr" : "3883110301608293",
        "source" : "",
        "source_allowclick" : 0,
        "source_url" : "",
        "created_at" : "Thu Sep 03 22:05:03 +0800 2015",
        "location" : "",
        "attitudes_status" : 0,
        "attitudes_count" : 0,
        "attitudes_list" : [

        ],
        "comments_count" : 0,
        "comments_list" : [

        ],
        "user" : {
            "profile_image_url" : "http://tp3.sinaimg.cn/2630646082/50/40073330660/1",
            "avatar_large" : "http://tp3.sinaimg.cn/2630646082/180/40073330660/1",
            "idstr" : "2630646082",
            "screen_name" : "photoshop资源库"
        },
        "pic_infos" : [
            {
              "thumbnail" : {
                "cut_type" : 1,
                "type" : "WEBP",
                "url" : "http://ww4.sinaimg.cn/or180/9ccc7942gw1evpdknw32fj20c80c8t8z.jpg",
                "width" : 180,
                "height" : 180
              },
              "bmiddle" : {
                "cut_type" : 1,
                "type" : "WEBP",
                "url" : "http://ww4.sinaimg.cn/or360/9ccc7942gw1evpdknw32fj20c80c8t8z.jpg",
                "width" : 360,
                "height" : 360
              },
              "large" : {
                "cut_type" : 1,
                "type" : "JPEG",
                "url" : "http://ww4.sinaimg.cn/wap720/9ccc7942gw1evpdknw32fj20c80c8t8z.jpg",
                "width" : "440",
                "height" : "440"
              },
              "largest" : {
                "cut_type" : 1,
                "type" : "JPEG",
                "url" : "http://ww4.sinaimg.cn/large/9ccc7942gw1evpdknw32fj20c80c8t8z.jpg",
                "width" : "440",
                "height" : "440"
              },
              "pic_id" : "9ccc7942gw1evpdknw32fj20c80c8t8z",
              "photo_tag" : 0,
              "original" : {
                "cut_type" : 1,
                "type" : "JPEG",
                "url" : "http://ww4.sinaimg.cn/woriginal/9ccc7942gw1evpdknw32fj20c80c8t8z.jpg",
                "width" : "440",
                "height" : "440"
              },
              "object_id" : "1042018:d07dfbf3b44eca6b3796719694e20f8b",
              "middleplus" : {
                "cut_type" : 1,
                "type" : "WEBP",
                "url" : "http://ww4.sinaimg.cn/or480/9ccc7942gw1evpdknw32fj20c80c8t8z.jpg",
                "width" : "440",
                "height" : "440"
              }
            },
            {
              "thumbnail" : {
                "cut_type" : 1,
                "type" : "WEBP",
                "url" : "http://ww4.sinaimg.cn/or180/9ccc7942gw1evpdkolruqj20c80c8wet.jpg",
                "width" : 180,
                "height" : 180
              },
              "bmiddle" : {
                "cut_type" : 1,
                "type" : "WEBP",
                "url" : "http://ww4.sinaimg.cn/or360/9ccc7942gw1evpdkolruqj20c80c8wet.jpg",
                "width" : 360,
                "height" : 360
              },
              "large" : {
                "cut_type" : 1,
                "type" : "JPEG",
                "url" : "http://ww4.sinaimg.cn/wap720/9ccc7942gw1evpdkolruqj20c80c8wet.jpg",
                "width" : "440",
                "height" : "440"
              },
              "largest" : {
                "cut_type" : 1,
                "type" : "JPEG",
                "url" : "http://ww4.sinaimg.cn/large/9ccc7942gw1evpdkolruqj20c80c8wet.jpg",
                "width" : "440",
                "height" : "440"
              },
              "pic_id" : "9ccc7942gw1evpdkolruqj20c80c8wet",
              "photo_tag" : 0,
              "original" : {
                "cut_type" : 1,
                "type" : "JPEG",
                "url" : "http://ww4.sinaimg.cn/woriginal/9ccc7942gw1evpdkolruqj20c80c8wet.jpg",
                "width" : "440",
                "height" : "440"
              },
              "object_id" : "1042018:bbf81e0dadc30f05ade316fc7b7f884a",
              "middleplus" : {
                "cut_type" : 1,
                "type" : "WEBP",
                "url" : "http://ww4.sinaimg.cn/or480/9ccc7942gw1evpdkolruqj20c80c8wet.jpg",
                "width" : "440",
                "height" : "440"
              }
            },
            {
              "thumbnail" : {
                "cut_type" : 1,
                "type" : "WEBP",
                "url" : "http://ww1.sinaimg.cn/or180/9ccc7942gw1evpdkrpie3j20c80c8q3j.jpg",
                "width" : 180,
                "height" : 180
              },
              "bmiddle" : {
                "cut_type" : 1,
                "type" : "WEBP",
                "url" : "http://ww1.sinaimg.cn/or360/9ccc7942gw1evpdkrpie3j20c80c8q3j.jpg",
                "width" : 360,
                "height" : 360
              },
              "large" : {
                "cut_type" : 1,
                "type" : "JPEG",
                "url" : "http://ww1.sinaimg.cn/wap720/9ccc7942gw1evpdkrpie3j20c80c8q3j.jpg",
                "width" : "440",
                "height" : "440"
              },
              "largest" : {
                "cut_type" : 1,
                "type" : "JPEG",
                "url" : "http://ww1.sinaimg.cn/large/9ccc7942gw1evpdkrpie3j20c80c8q3j.jpg",
                "width" : "440",
                "height" : "440"
              },
              "pic_id" : "9ccc7942gw1evpdkrpie3j20c80c8q3j",
              "photo_tag" : 0,
              "original" : {
                "cut_type" : 1,
                "type" : "JPEG",
                "url" : "http://ww1.sinaimg.cn/woriginal/9ccc7942gw1evpdkrpie3j20c80c8q3j.jpg",
                "width" : "440",
                "height" : "440"
              },
              "object_id" : "1042018:1fb50b2e45d788dc4a8c104777ba4ca3",
              "middleplus" : {
                "cut_type" : 1,
                "type" : "WEBP",
                "url" : "http://ww1.sinaimg.cn/or480/9ccc7942gw1evpdkrpie3j20c80c8q3j.jpg",
                "width" : "440",
                "height" : "440"
              }
            },
            {
              "thumbnail" : {
                "cut_type" : 1,
                "type" : "WEBP",
                "url" : "http://ww2.sinaimg.cn/or180/9ccc7942gw1evpdkq0ionj20c80c8jrt.jpg",
                "width" : 180,
                "height" : 180
              },
              "bmiddle" : {
                "cut_type" : 1,
                "type" : "WEBP",
                "url" : "http://ww2.sinaimg.cn/or360/9ccc7942gw1evpdkq0ionj20c80c8jrt.jpg",
                "width" : 360,
                "height" : 360
              },
              "large" : {
                "cut_type" : 1,
                "type" : "JPEG",
                "url" : "http://ww2.sinaimg.cn/wap720/9ccc7942gw1evpdkq0ionj20c80c8jrt.jpg",
                "width" : "440",
                "height" : "440"
              },
              "largest" : {
                "cut_type" : 1,
                "type" : "JPEG",
                "url" : "http://ww2.sinaimg.cn/large/9ccc7942gw1evpdkq0ionj20c80c8jrt.jpg",
                "width" : "440",
                "height" : "440"
              },
              "pic_id" : "9ccc7942gw1evpdkq0ionj20c80c8jrt",
              "photo_tag" : 0,
              "original" : {
                "cut_type" : 1,
                "type" : "JPEG",
                "url" : "http://ww2.sinaimg.cn/woriginal/9ccc7942gw1evpdkq0ionj20c80c8jrt.jpg",
                "width" : "440",
                "height" : "440"
              },
              "object_id" : "1042018:b3f1dede730ef75addfeab3065b577be",
              "middleplus" : {
                "cut_type" : 1,
                "type" : "WEBP",
                "url" : "http://ww2.sinaimg.cn/or480/9ccc7942gw1evpdkq0ionj20c80c8jrt.jpg",
                "width" : "440",
                "height" : "440"
              }
            },
            {
              "thumbnail" : {
                "cut_type" : 1,
                "type" : "WEBP",
                "url" : "http://ww3.sinaimg.cn/or180/9ccc7942gw1evpdknd5hwj20c80c8mxd.jpg",
                "width" : 180,
                "height" : 180
              },
              "bmiddle" : {
                "cut_type" : 1,
                "type" : "WEBP",
                "url" : "http://ww3.sinaimg.cn/or360/9ccc7942gw1evpdknd5hwj20c80c8mxd.jpg",
                "width" : 360,
                "height" : 360
              },
              "large" : {
                "cut_type" : 1,
                "type" : "JPEG",
                "url" : "http://ww3.sinaimg.cn/wap720/9ccc7942gw1evpdknd5hwj20c80c8mxd.jpg",
                "width" : "440",
                "height" : "440"
              },
              "largest" : {
                "cut_type" : 1,
                "type" : "JPEG",
                "url" : "http://ww3.sinaimg.cn/large/9ccc7942gw1evpdknd5hwj20c80c8mxd.jpg",
                "width" : "440",
                "height" : "440"
              },
              "pic_id" : "9ccc7942gw1evpdknd5hwj20c80c8mxd",
              "photo_tag" : 0,
              "original" : {
                "cut_type" : 1,
                "type" : "JPEG",
                "url" : "http://ww3.sinaimg.cn/woriginal/9ccc7942gw1evpdknd5hwj20c80c8mxd.jpg",
                "width" : "440",
                "height" : "440"
              },
              "object_id" : "1042018:8326b0015ce53be5d72448ab9f955ac1",
              "middleplus" : {
                "cut_type" : 1,
                "type" : "WEBP",
                "url" : "http://ww3.sinaimg.cn/or480/9ccc7942gw1evpdknd5hwj20c80c8mxd.jpg",
                "width" : "440",
                "height" : "440"
              }
            },
            {
              "thumbnail" : {
                "cut_type" : 1,
                "type" : "WEBP",
                "url" : "http://ww4.sinaimg.cn/or180/9ccc7942gw1evpdkqge0tj20c80c8t97.jpg",
                "width" : 180,
                "height" : 180
              },
              "bmiddle" : {
                "cut_type" : 1,
                "type" : "WEBP",
                "url" : "http://ww4.sinaimg.cn/or360/9ccc7942gw1evpdkqge0tj20c80c8t97.jpg",
                "width" : 360,
                "height" : 360
              },
              "large" : {
                "cut_type" : 1,
                "type" : "JPEG",
                "url" : "http://ww4.sinaimg.cn/wap720/9ccc7942gw1evpdkqge0tj20c80c8t97.jpg",
                "width" : "440",
                "height" : "440"
              },
              "largest" : {
                "cut_type" : 1,
                "type" : "JPEG",
                "url" : "http://ww4.sinaimg.cn/large/9ccc7942gw1evpdkqge0tj20c80c8t97.jpg",
                "width" : "440",
                "height" : "440"
              },
              "pic_id" : "9ccc7942gw1evpdkqge0tj20c80c8t97",
              "photo_tag" : 0,
              "original" : {
                "cut_type" : 1,
                "type" : "JPEG",
                "url" : "http://ww4.sinaimg.cn/woriginal/9ccc7942gw1evpdkqge0tj20c80c8t97.jpg",
                "width" : "440",
                "height" : "440"
              },
              "object_id" : "1042018:ca5cabed9540ee3d5c549955d76f6fcb",
              "middleplus" : {
                "cut_type" : 1,
                "type" : "WEBP",
                "url" : "http://ww4.sinaimg.cn/or480/9ccc7942gw1evpdkqge0tj20c80c8t97.jpg",
                "width" : "440",
                "height" : "440"
              }
            },
            {
              "thumbnail" : {
                "cut_type" : 1,
                "type" : "WEBP",
                "url" : "http://ww2.sinaimg.cn/or180/9ccc7942gw1evpdkp8am6j20c80c874k.jpg",
                "width" : 180,
                "height" : 180
              },
              "bmiddle" : {
                "cut_type" : 1,
                "type" : "WEBP",
                "url" : "http://ww2.sinaimg.cn/or360/9ccc7942gw1evpdkp8am6j20c80c874k.jpg",
                "width" : 360,
                "height" : 360
              },
              "large" : {
                "cut_type" : 1,
                "type" : "JPEG",
                "url" : "http://ww2.sinaimg.cn/wap720/9ccc7942gw1evpdkp8am6j20c80c874k.jpg",
                "width" : "440",
                "height" : "440"
              },
              "largest" : {
                "cut_type" : 1,
                "type" : "JPEG",
                "url" : "http://ww2.sinaimg.cn/large/9ccc7942gw1evpdkp8am6j20c80c874k.jpg",
                "width" : "440",
                "height" : "440"
              },
              "pic_id" : "9ccc7942gw1evpdkp8am6j20c80c874k",
              "photo_tag" : 0,
              "original" : {
                "cut_type" : 1,
                "type" : "JPEG",
                "url" : "http://ww2.sinaimg.cn/woriginal/9ccc7942gw1evpdkp8am6j20c80c874k.jpg",
                "width" : "440",
                "height" : "440"
              },
              "object_id" : "1042018:ceb0424a4a143b1b38662f8f5334a590",
              "middleplus" : {
                "cut_type" : 1,
                "type" : "WEBP",
                "url" : "http://ww2.sinaimg.cn/or480/9ccc7942gw1evpdkp8am6j20c80c874k.jpg",
                "width" : "440",
                "height" : "440"
              }
            },
            {
              "thumbnail" : {
                "cut_type" : 1,
                "type" : "WEBP",
                "url" : "http://ww4.sinaimg.cn/or180/9ccc7942gw1evpdkmqstdj20c80c83yw.jpg",
                "width" : 180,
                "height" : 180
              },
              "bmiddle" : {
                "cut_type" : 1,
                "type" : "WEBP",
                "url" : "http://ww4.sinaimg.cn/or360/9ccc7942gw1evpdkmqstdj20c80c83yw.jpg",
                "width" : 360,
                "height" : 360
              },
              "large" : {
                "cut_type" : 1,
                "type" : "JPEG",
                "url" : "http://ww4.sinaimg.cn/wap720/9ccc7942gw1evpdkmqstdj20c80c83yw.jpg",
                "width" : "440",
                "height" : "440"
              },
              "largest" : {
                "cut_type" : 1,
                "type" : "JPEG",
                "url" : "http://ww4.sinaimg.cn/large/9ccc7942gw1evpdkmqstdj20c80c83yw.jpg",
                "width" : "440",
                "height" : "440"
              },
              "pic_id" : "9ccc7942gw1evpdkmqstdj20c80c83yw",
              "photo_tag" : 0,
              "original" : {
                "cut_type" : 1,
                "type" : "JPEG",
                "url" : "http://ww4.sinaimg.cn/woriginal/9ccc7942gw1evpdkmqstdj20c80c83yw.jpg",
                "width" : "440",
                "height" : "440"
              },
              "object_id" : "1042018:18febb0adcde28887b7225d6701439a3",
              "middleplus" : {
                "cut_type" : 1,
                "type" : "WEBP",
                "url" : "http://ww4.sinaimg.cn/or480/9ccc7942gw1evpdkmqstdj20c80c83yw.jpg",
                "width" : "440",
                "height" : "440"
              }
            },
            {
              "thumbnail" : {
                "cut_type" : 1,
                "type" : "WEBP",
                "url" : "http://ww4.sinaimg.cn/or180/9ccc7942gw1evpdkr4dypj20a10a1gly.jpg",
                "width" : 180,
                "height" : 180
              },
              "bmiddle" : {
                "cut_type" : 1,
                "type" : "WEBP",
                "url" : "http://ww4.sinaimg.cn/or360/9ccc7942gw1evpdkr4dypj20a10a1gly.jpg",
                "width" : 360,
                "height" : 360
              },
              "large" : {
                "cut_type" : 1,
                "type" : "JPEG",
                "url" : "http://ww4.sinaimg.cn/wap720/9ccc7942gw1evpdkr4dypj20a10a1gly.jpg",
                "width" : "361",
                "height" : "361"
              },
              "largest" : {
                "cut_type" : 1,
                "type" : "JPEG",
                "url" : "http://ww4.sinaimg.cn/large/9ccc7942gw1evpdkr4dypj20a10a1gly.jpg",
                "width" : "361",
                "height" : "361"
              },
              "pic_id" : "9ccc7942gw1evpdkr4dypj20a10a1gly",
              "photo_tag" : 0,
              "original" : {
                "cut_type" : 1,
                "type" : "JPEG",
                "url" : "http://ww4.sinaimg.cn/woriginal/9ccc7942gw1evpdkr4dypj20a10a1gly.jpg",
                "width" : "361",
                "height" : "361"
              },
              "object_id" : "1042018:5d0b5308c12d275db94a68286b159d49",
              "middleplus" : {
                "cut_type" : 1,
                "type" : "WEBP",
                "url" : "http://ww4.sinaimg.cn/or480/9ccc7942gw1evpdkr4dypj20a10a1gly.jpg",
                "width" : "361",
                "height" : "361"
              }
            }
         ]
      },
      {
        "text" : "马住，放假无聊不妨下来看看~",    
        "idstr" : "3883108350371413",
        "source" : "",
        "source_allowclick" : 0,
        "source_url" : "",
        "created_at" : "Thu Sep 03 21:57:18 +0800 2015",
        "location" : "",
        "attitudes_status" : 0,
        "attitudes_count" : 0,
        "attitudes_list" : [

        ],
        "comments_count" : 0,
        "comments_list" : [

        ],
        "user" : {
            "profile_image_url" : "http://tp1.sinaimg.cn/3263203404/50/5734417321/1",
            "avatar_large" : "http://tp1.sinaimg.cn/3263203404/180/5734417321/1",
            "idstr" : "3263203404",
            "screen_name" : "App小毛驴的日常"
        },
        "pic_infos" : [
              {
                "thumbnail" : {
                  "cut_type" : 1,
                  "type" : "WEBP",
                  "url" : "http://ww1.sinaimg.cn/or180/c280884cgw1evo4i0014pj20c80omju6.jpg",
                  "width" : 180,
                  "height" : 362
                },
                "bmiddle" : {
                  "cut_type" : 1,
                  "type" : "WEBP",
                  "url" : "http://ww1.sinaimg.cn/or360/c280884cgw1evo4i0014pj20c80omju6.jpg",
                  "width" : 360,
                  "height" : 724
                },
                "large" : {
                  "cut_type" : 1,
                  "type" : "JPEG",
                  "url" : "http://ww1.sinaimg.cn/wap720/c280884cgw1evo4i0014pj20c80omju6.jpg",
                  "width" : "440",
                  "height" : "886"
                },
                "largest" : {
                  "cut_type" : 1,
                  "type" : "JPEG",
                  "url" : "http://ww1.sinaimg.cn/large/c280884cgw1evo4i0014pj20c80omju6.jpg",
                  "width" : "440",
                  "height" : "886"
                },
                "pic_id" : "c280884cgw1evo4i0014pj20c80omju6",
                "photo_tag" : 0,
                "original" : {
                  "cut_type" : 1,
                  "type" : "JPEG",
                  "url" : "http://ww1.sinaimg.cn/woriginal/c280884cgw1evo4i0014pj20c80omju6.jpg",
                  "width" : "440",
                  "height" : "886"
                },
                "object_id" : "1042018:f097a25e342d2b29c5f5c36f63529d49",
                "middleplus" : {
                  "cut_type" : 1,
                  "type" : "WEBP",
                  "url" : "http://ww1.sinaimg.cn/or480/c280884cgw1evo4i0014pj20c80omju6.jpg",
                  "width" : "440",
                  "height" : "886"
                }
              },
              {
                "thumbnail" : {
                  "cut_type" : 1,
                  "type" : "WEBP",
                  "url" : "http://ww3.sinaimg.cn/or180/c280884cgw1evo4i0q50ej20c80omq4j.jpg",
                  "width" : 180,
                  "height" : 362
                },
                "bmiddle" : {
                  "cut_type" : 1,
                  "type" : "WEBP",
                  "url" : "http://ww3.sinaimg.cn/or360/c280884cgw1evo4i0q50ej20c80omq4j.jpg",
                  "width" : 360,
                  "height" : 724
                },
                "large" : {
                  "cut_type" : 1,
                  "type" : "JPEG",
                  "url" : "http://ww3.sinaimg.cn/wap720/c280884cgw1evo4i0q50ej20c80omq4j.jpg",
                  "width" : "440",
                  "height" : "886"
                },
                "largest" : {
                  "cut_type" : 1,
                  "type" : "JPEG",
                  "url" : "http://ww3.sinaimg.cn/large/c280884cgw1evo4i0q50ej20c80omq4j.jpg",
                  "width" : "440",
                  "height" : "886"
                },
                "pic_id" : "c280884cgw1evo4i0q50ej20c80omq4j",
                "photo_tag" : 0,
                "original" : {
                  "cut_type" : 1,
                  "type" : "JPEG",
                  "url" : "http://ww3.sinaimg.cn/woriginal/c280884cgw1evo4i0q50ej20c80omq4j.jpg",
                  "width" : "440",
                  "height" : "886"
                },
                "object_id" : "1042018:4289d2fb309a91c25769dd6106afaf49",
                "middleplus" : {
                  "cut_type" : 1,
                  "type" : "WEBP",
                  "url" : "http://ww3.sinaimg.cn/or480/c280884cgw1evo4i0q50ej20c80omq4j.jpg",
                  "width" : "440",
                  "height" : "886"
                }
              },
              {
                "thumbnail" : {
                  "cut_type" : 1,
                  "type" : "WEBP",
                  "url" : "http://ww1.sinaimg.cn/or180/c280884cgw1evo4hz2sodj20c80omq52.jpg",
                  "width" : 180,
                  "height" : 362
                },
                "bmiddle" : {
                  "cut_type" : 1,
                  "type" : "WEBP",
                  "url" : "http://ww1.sinaimg.cn/or360/c280884cgw1evo4hz2sodj20c80omq52.jpg",
                  "width" : 360,
                  "height" : 724
                },
                "large" : {
                  "cut_type" : 1,
                  "type" : "JPEG",
                  "url" : "http://ww1.sinaimg.cn/wap720/c280884cgw1evo4hz2sodj20c80omq52.jpg",
                  "width" : "440",
                  "height" : "886"
                },
                "largest" : {
                  "cut_type" : 1,
                  "type" : "JPEG",
                  "url" : "http://ww1.sinaimg.cn/large/c280884cgw1evo4hz2sodj20c80omq52.jpg",
                  "width" : "440",
                  "height" : "886"
                },
                "pic_id" : "c280884cgw1evo4hz2sodj20c80omq52",
                "photo_tag" : 0,
                "original" : {
                  "cut_type" : 1,
                  "type" : "JPEG",
                  "url" : "http://ww1.sinaimg.cn/woriginal/c280884cgw1evo4hz2sodj20c80omq52.jpg",
                  "width" : "440",
                  "height" : "886"
                },
                "object_id" : "1042018:d25354e9c6b05adb580a888a76f8a8e5",
                "middleplus" : {
                  "cut_type" : 1,
                  "type" : "WEBP",
                  "url" : "http://ww1.sinaimg.cn/or480/c280884cgw1evo4hz2sodj20c80omq52.jpg",
                  "width" : "440",
                  "height" : "886"
                }
              },
              {
                "thumbnail" : {
                  "cut_type" : 1,
                  "type" : "WEBP",
                  "url" : "http://ww3.sinaimg.cn/or180/c280884cgw1evo4huqe8wj20c80omtbw.jpg",
                  "width" : 180,
                  "height" : 362
                },
                "bmiddle" : {
                  "cut_type" : 1,
                  "type" : "WEBP",
                  "url" : "http://ww3.sinaimg.cn/or360/c280884cgw1evo4huqe8wj20c80omtbw.jpg",
                  "width" : 360,
                  "height" : 724
                },
                "large" : {
                  "cut_type" : 1,
                  "type" : "JPEG",
                  "url" : "http://ww3.sinaimg.cn/wap720/c280884cgw1evo4huqe8wj20c80omtbw.jpg",
                  "width" : "440",
                  "height" : "886"
                },
                "largest" : {
                  "cut_type" : 1,
                  "type" : "JPEG",
                  "url" : "http://ww3.sinaimg.cn/large/c280884cgw1evo4huqe8wj20c80omtbw.jpg",
                  "width" : "440",
                  "height" : "886"
                },
                "pic_id" : "c280884cgw1evo4huqe8wj20c80omtbw",
                "photo_tag" : 0,
                "original" : {
                  "cut_type" : 1,
                  "type" : "JPEG",
                  "url" : "http://ww3.sinaimg.cn/woriginal/c280884cgw1evo4huqe8wj20c80omtbw.jpg",
                  "width" : "440",
                  "height" : "886"
                },
                "object_id" : "1042018:28fd634505c4a33b39a306c30ea074d1",
                "middleplus" : {
                  "cut_type" : 1,
                  "type" : "WEBP",
                  "url" : "http://ww3.sinaimg.cn/or480/c280884cgw1evo4huqe8wj20c80omtbw.jpg",
                  "width" : "440",
                  "height" : "886"
                }
              },
              {
                "thumbnail" : {
                  "cut_type" : 1,
                  "type" : "WEBP",
                  "url" : "http://ww1.sinaimg.cn/or180/c280884cgw1evo4hwarnij20c80omgn8.jpg",
                  "width" : 180,
                  "height" : 362
                },
                "bmiddle" : {
                  "cut_type" : 1,
                  "type" : "WEBP",
                  "url" : "http://ww1.sinaimg.cn/or360/c280884cgw1evo4hwarnij20c80omgn8.jpg",
                  "width" : 360,
                  "height" : 724
                },
                "large" : {
                  "cut_type" : 1,
                  "type" : "JPEG",
                  "url" : "http://ww1.sinaimg.cn/wap720/c280884cgw1evo4hwarnij20c80omgn8.jpg",
                  "width" : "440",
                  "height" : "886"
                },
                "largest" : {
                  "cut_type" : 1,
                  "type" : "JPEG",
                  "url" : "http://ww1.sinaimg.cn/large/c280884cgw1evo4hwarnij20c80omgn8.jpg",
                  "width" : "440",
                  "height" : "886"
                },
                "pic_id" : "c280884cgw1evo4hwarnij20c80omgn8",
                "photo_tag" : 0,
                "original" : {
                  "cut_type" : 1,
                  "type" : "JPEG",
                  "url" : "http://ww1.sinaimg.cn/woriginal/c280884cgw1evo4hwarnij20c80omgn8.jpg",
                  "width" : "440",
                  "height" : "886"
                },
                "object_id" : "1042018:13f07c6d1bb0c76cde9f87529950e616",
                "middleplus" : {
                  "cut_type" : 1,
                  "type" : "WEBP",
                  "url" : "http://ww1.sinaimg.cn/or480/c280884cgw1evo4hwarnij20c80omgn8.jpg",
                  "width" : "440",
                  "height" : "886"
                }
              },
              {
                "thumbnail" : {
                  "cut_type" : 1,
                  "type" : "WEBP",
                  "url" : "http://ww4.sinaimg.cn/or180/c280884cgw1evo4hx16ucj20c80omac9.jpg",
                  "width" : 180,
                  "height" : 362
                },
                "bmiddle" : {
                  "cut_type" : 1,
                  "type" : "WEBP",
                  "url" : "http://ww4.sinaimg.cn/or360/c280884cgw1evo4hx16ucj20c80omac9.jpg",
                  "width" : 360,
                  "height" : 724
                },
                "large" : {
                  "cut_type" : 1,
                  "type" : "JPEG",
                  "url" : "http://ww4.sinaimg.cn/wap720/c280884cgw1evo4hx16ucj20c80omac9.jpg",
                  "width" : "440",
                  "height" : "886"
                },
                "largest" : {
                  "cut_type" : 1,
                  "type" : "JPEG",
                  "url" : "http://ww4.sinaimg.cn/large/c280884cgw1evo4hx16ucj20c80omac9.jpg",
                  "width" : "440",
                  "height" : "886"
                },
                "pic_id" : "c280884cgw1evo4hx16ucj20c80omac9",
                "photo_tag" : 0,
                "original" : {
                  "cut_type" : 1,
                  "type" : "JPEG",
                  "url" : "http://ww4.sinaimg.cn/woriginal/c280884cgw1evo4hx16ucj20c80omac9.jpg",
                  "width" : "440",
                  "height" : "886"
                },
                "object_id" : "1042018:7758ee30905e0b5aebbe1eddf765cbdf",
                "middleplus" : {
                  "cut_type" : 1,
                  "type" : "WEBP",
                  "url" : "http://ww4.sinaimg.cn/or480/c280884cgw1evo4hx16ucj20c80omac9.jpg",
                  "width" : "440",
                  "height" : "886"
                }
              },
              {
                "thumbnail" : {
                  "cut_type" : 1,
                  "type" : "WEBP",
                  "url" : "http://ww3.sinaimg.cn/or180/c280884cgw1evo4hvibbzj20c80om40s.jpg",
                  "width" : 180,
                  "height" : 362
                },
                "bmiddle" : {
                  "cut_type" : 1,
                  "type" : "WEBP",
                  "url" : "http://ww3.sinaimg.cn/or360/c280884cgw1evo4hvibbzj20c80om40s.jpg",
                  "width" : 360,
                  "height" : 724
                },
                "large" : {
                  "cut_type" : 1,
                  "type" : "JPEG",
                  "url" : "http://ww3.sinaimg.cn/wap720/c280884cgw1evo4hvibbzj20c80om40s.jpg",
                  "width" : "440",
                  "height" : "886"
                },
                "largest" : {
                  "cut_type" : 1,
                  "type" : "JPEG",
                  "url" : "http://ww3.sinaimg.cn/large/c280884cgw1evo4hvibbzj20c80om40s.jpg",
                  "width" : "440",
                  "height" : "886"
                },
                "pic_id" : "c280884cgw1evo4hvibbzj20c80om40s",
                "photo_tag" : 0,
                "original" : {
                  "cut_type" : 1,
                  "type" : "JPEG",
                  "url" : "http://ww3.sinaimg.cn/woriginal/c280884cgw1evo4hvibbzj20c80om40s.jpg",
                  "width" : "440",
                  "height" : "886"
                },
                "object_id" : "1042018:a383a7ff557d2a4ed0484d5937b53038",
                "middleplus" : {
                  "cut_type" : 1,
                  "type" : "WEBP",
                  "url" : "http://ww3.sinaimg.cn/or480/c280884cgw1evo4hvibbzj20c80om40s.jpg",
                  "width" : "440",
                  "height" : "886"
                }
              },
              {
                "thumbnail" : {
                  "cut_type" : 1,
                  "type" : "WEBP",
                  "url" : "http://ww4.sinaimg.cn/or180/c280884cgw1evo4hxz7z7j20c80omdhw.jpg",
                  "width" : 180,
                  "height" : 362
                },
                "bmiddle" : {
                  "cut_type" : 1,
                  "type" : "WEBP",
                  "url" : "http://ww4.sinaimg.cn/or360/c280884cgw1evo4hxz7z7j20c80omdhw.jpg",
                  "width" : 360,
                  "height" : 724
                },
                "large" : {
                  "cut_type" : 1,
                  "type" : "JPEG",
                  "url" : "http://ww4.sinaimg.cn/wap720/c280884cgw1evo4hxz7z7j20c80omdhw.jpg",
                  "width" : "440",
                  "height" : "886"
                },
                "largest" : {
                  "cut_type" : 1,
                  "type" : "JPEG",
                  "url" : "http://ww4.sinaimg.cn/large/c280884cgw1evo4hxz7z7j20c80omdhw.jpg",
                  "width" : "440",
                  "height" : "886"
                },
                "pic_id" : "c280884cgw1evo4hxz7z7j20c80omdhw",
                "photo_tag" : 0,
                "original" : {
                  "cut_type" : 1,
                  "type" : "JPEG",
                  "url" : "http://ww4.sinaimg.cn/woriginal/c280884cgw1evo4hxz7z7j20c80omdhw.jpg",
                  "width" : "440",
                  "height" : "886"
                },
                "object_id" : "1042018:ca7b92899554e1cd0176a7ac8fdd0948",
                "middleplus" : {
                  "cut_type" : 1,
                  "type" : "WEBP",
                  "url" : "http://ww4.sinaimg.cn/or480/c280884cgw1evo4hxz7z7j20c80omdhw.jpg",
                  "width" : "440",
                  "height" : "886"
                }
              },
              {
                "thumbnail" : {
                  "cut_type" : 1,
                  "type" : "WEBP",
                  "url" : "http://ww4.sinaimg.cn/or180/c280884cgw1evo4htpdlaj20c80omtbj.jpg",
                  "width" : 180,
                  "height" : 362
                },
                "bmiddle" : {
                  "cut_type" : 1,
                  "type" : "WEBP",
                  "url" : "http://ww4.sinaimg.cn/or360/c280884cgw1evo4htpdlaj20c80omtbj.jpg",
                  "width" : 360,
                  "height" : 724
                },
                "large" : {
                  "cut_type" : 1,
                  "type" : "JPEG",
                  "url" : "http://ww4.sinaimg.cn/wap720/c280884cgw1evo4htpdlaj20c80omtbj.jpg",
                  "width" : "440",
                  "height" : "886"
                },
                "largest" : {
                  "cut_type" : 1,
                  "type" : "JPEG",
                  "url" : "http://ww4.sinaimg.cn/large/c280884cgw1evo4htpdlaj20c80omtbj.jpg",
                  "width" : "440",
                  "height" : "886"
                },
                "pic_id" : "c280884cgw1evo4htpdlaj20c80omtbj",
                "photo_tag" : 0,
                "original" : {
                  "cut_type" : 1,
                  "type" : "JPEG",
                  "url" : "http://ww4.sinaimg.cn/woriginal/c280884cgw1evo4htpdlaj20c80omtbj.jpg",
                  "width" : "440",
                  "height" : "886"
                },
                "object_id" : "1042018:e656c00ad4e7b4c8e5bfc934a9be24eb",
                "middleplus" : {
                  "cut_type" : 1,
                  "type" : "WEBP",
                  "url" : "http://ww4.sinaimg.cn/or480/c280884cgw1evo4htpdlaj20c80omtbj.jpg",
                  "width" : "440",
                  "height" : "886"
                }
              }
        ]
      },
      {
        "text" : "准备军训结束汇报阅兵的时候搬个小板凳去看晒黑的新生[doge]\n❤️❤️如果您正为资金周转发愁，平安普惠给您解忧：\n🎉🎉🎉所有贷款产品提前还款没有违约金\n\n🎯宅e贷:🈶 全国160多个城市商品房（一二线城市部分三线城市），最高可贷1500万，最快当天下款。\n\n🎯保单贷:🈶平安或非平安人寿保单，生效满6个月，最高可贷50万\n准备资料:保单，身份证，神速下款\n\n🎯优房贷:🈶 按揭房，月供满6个月，最高可贷50万。\n📱详询：13265873384 @所有人",
        "idstr" : "3883108157715697",
        "source" : "",
        "source_allowclick" : 0,
        "source_url" : "",
        "created_at" : "Thu Sep 03 21:56:31 +0800 2015",
        "location" : "",
        "attitudes_status" : 0,
        "attitudes_count" : 0,
        "attitudes_list" : [

        ],
        "comments_count" : 1,
        "comments_list" : [
          {
              "idstr" : "3883144392991723",
              "moment_idstr" :"3883144392991722",
              "text" : "准备军训结束汇报阅兵的时候搬个小板凳去看晒黑的新生[doge]\n❤️❤️如果您正为资金周转发愁，平安普惠给您解忧：\n🎉🎉🎉所有贷款产品提前还款没有违约金\n\n🎯宅e贷:🈶 全国160多个城市商品房（一二线城市部分三线城市），最高可贷1500万，最快当天下款。\n\n🎯保单贷:🈶平安或非平安人寿保单，生效满6个月，最高可贷50万\n准备资料:保单，身份证，神速下款\n\n🎯优房贷:🈶 按揭房，月供满6个月，最高可贷50万。\n📱详询：13265873384 @所有人",
              "created_at" : "Thu Sep 03 21:58:31 +0800 2015",
              "from_user" : {
                  "profile_image_url" : "http://tva3.sinaimg.cn/crop.0.6.264.264.180/93276e1fjw8f5c6ob1pmpj207g07jaa5.jpg",
                  "avatar_large" : "http://tva3.sinaimg.cn/crop.0.6.264.264.180/93276e1fjw8f5c6ob1pmpj207g07jaa5.jpg",
                  "idstr" : "61856069",
                  "screen_name" : "Mike-乱港三千-Mr_元先森"
               },
              "to_user" : null
            }
        ],
        "user" : {
            "profile_image_url" : "http://tp2.sinaimg.cn/1771140437/50/5721402525/1",
            "avatar_large" : "http://tp2.sinaimg.cn/1771140437/180/5721402525/1",
            "idstr" : "1771140437",
            "screen_name" : "使徒子"
        }
      },
      {
        "text" : "#SAI资源库# 挥刀持枪的姿势动作集，实用粗暴值得借鉴学习，转需~",    
        "idstr" : "3883095201419619",
        "source" : "",
        "source_allowclick" : 0,
        "source_url" : "",
        "created_at" : "Thu Sep 03 21:05:03 +0800 2015",
        "location" : "",
        "attitudes_status" : 0,
        "attitudes_count" : 0,
        "attitudes_list" : [

        ],
        "comments_count" : 0,
        "comments_list" : [

        ],
        "user" : {
            "profile_image_url" : "http://tp2.sinaimg.cn/3178541805/50/5718597241/1",
            "avatar_large" : "http://tp2.sinaimg.cn/3178541805/180/5718597241/1",
            "idstr" : "3178541805",
            "screen_name" : "Sai资源库"
        },
        "pic_infos" : [
              {
                "thumbnail" : {
                  "cut_type" : 1,
                  "type" : "WEBP",
                  "url" : "http://ww1.sinaimg.cn/or180/bd74b2edgw1evp2pm5s6gj20c809675i.jpg",
                  "width" : 200,
                  "height" : 150
                },
                "bmiddle" : {
                  "cut_type" : 1,
                  "type" : "WEBP",
                  "url" : "http://ww1.sinaimg.cn/or360/bd74b2edgw1evp2pm5s6gj20c809675i.jpg",
                  "width" : 360,
                  "height" : 270
                },
                "large" : {
                  "cut_type" : 1,
                  "type" : "JPEG",
                  "url" : "http://ww1.sinaimg.cn/wap720/bd74b2edgw1evp2pm5s6gj20c809675i.jpg",
                  "width" : "440",
                  "height" : "330"
                },
                "largest" : {
                  "cut_type" : 1,
                  "type" : "JPEG",
                  "url" : "http://ww1.sinaimg.cn/large/bd74b2edgw1evp2pm5s6gj20c809675i.jpg",
                  "width" : "440",
                  "height" : "330"
                },
                "pic_id" : "bd74b2edgw1evp2pm5s6gj20c809675i",
                "photo_tag" : 0,
                "original" : {
                  "cut_type" : 1,
                  "type" : "JPEG",
                  "url" : "http://ww1.sinaimg.cn/woriginal/bd74b2edgw1evp2pm5s6gj20c809675i.jpg",
                  "width" : "440",
                  "height" : "330"
                },
                "object_id" : "1042018:4464ffabf08a0810e142f2b4e0100fac",
                "middleplus" : {
                  "cut_type" : 1,
                  "type" : "WEBP",
                  "url" : "http://ww1.sinaimg.cn/or480/bd74b2edgw1evp2pm5s6gj20c809675i.jpg",
                  "width" : "440",
                  "height" : "330"
                }
              },
              {
                "thumbnail" : {
                  "cut_type" : 1,
                  "type" : "WEBP",
                  "url" : "http://ww2.sinaimg.cn/or180/bd74b2edgw1evp2pmb937j20c8096wfu.jpg",
                  "width" : 200,
                  "height" : 150
                },
                "bmiddle" : {
                  "cut_type" : 1,
                  "type" : "WEBP",
                  "url" : "http://ww2.sinaimg.cn/or360/bd74b2edgw1evp2pmb937j20c8096wfu.jpg",
                  "width" : 360,
                  "height" : 270
                },
                "large" : {
                  "cut_type" : 1,
                  "type" : "JPEG",
                  "url" : "http://ww2.sinaimg.cn/wap720/bd74b2edgw1evp2pmb937j20c8096wfu.jpg",
                  "width" : "440",
                  "height" : "330"
                },
                "largest" : {
                  "cut_type" : 1,
                  "type" : "JPEG",
                  "url" : "http://ww2.sinaimg.cn/large/bd74b2edgw1evp2pmb937j20c8096wfu.jpg",
                  "width" : "440",
                  "height" : "330"
                },
                "pic_id" : "bd74b2edgw1evp2pmb937j20c8096wfu",
                "photo_tag" : 0,
                "original" : {
                  "cut_type" : 1,
                  "type" : "JPEG",
                  "url" : "http://ww2.sinaimg.cn/woriginal/bd74b2edgw1evp2pmb937j20c8096wfu.jpg",
                  "width" : "440",
                  "height" : "330"
                },
                "object_id" : "1042018:f8df0c5d8696bda5705def4027400210",
                "middleplus" : {
                  "cut_type" : 1,
                  "type" : "WEBP",
                  "url" : "http://ww2.sinaimg.cn/or480/bd74b2edgw1evp2pmb937j20c8096wfu.jpg",
                  "width" : "440",
                  "height" : "330"
                }
              },
              {
                "thumbnail" : {
                  "cut_type" : 1,
                  "type" : "WEBP",
                  "url" : "http://ww3.sinaimg.cn/or180/bd74b2edgw1evp2pm1fbwj20c8096wfp.jpg",
                  "width" : 200,
                  "height" : 150
                },
                "bmiddle" : {
                  "cut_type" : 1,
                  "type" : "WEBP",
                  "url" : "http://ww3.sinaimg.cn/or360/bd74b2edgw1evp2pm1fbwj20c8096wfp.jpg",
                  "width" : 360,
                  "height" : 270
                },
                "large" : {
                  "cut_type" : 1,
                  "type" : "JPEG",
                  "url" : "http://ww3.sinaimg.cn/wap720/bd74b2edgw1evp2pm1fbwj20c8096wfp.jpg",
                  "width" : "440",
                  "height" : "330"
                },
                "largest" : {
                  "cut_type" : 1,
                  "type" : "JPEG",
                  "url" : "http://ww3.sinaimg.cn/large/bd74b2edgw1evp2pm1fbwj20c8096wfp.jpg",
                  "width" : "440",
                  "height" : "330"
                },
                "pic_id" : "bd74b2edgw1evp2pm1fbwj20c8096wfp",
                "photo_tag" : 0,
                "original" : {
                  "cut_type" : 1,
                  "type" : "JPEG",
                  "url" : "http://ww3.sinaimg.cn/woriginal/bd74b2edgw1evp2pm1fbwj20c8096wfp.jpg",
                  "width" : "440",
                  "height" : "330"
                },
                "object_id" : "1042018:f3a83e52e074d75c1ae9e657a0b62dcb",
                "middleplus" : {
                  "cut_type" : 1,
                  "type" : "WEBP",
                  "url" : "http://ww3.sinaimg.cn/or480/bd74b2edgw1evp2pm1fbwj20c8096wfp.jpg",
                  "width" : "440",
                  "height" : "330"
                }
              },
              {
                "thumbnail" : {
                  "cut_type" : 1,
                  "type" : "WEBP",
                  "url" : "http://ww3.sinaimg.cn/or180/bd74b2edgw1evp2pn4jx6j20c809675p.jpg",
                  "width" : 200,
                  "height" : 150
                },
                "bmiddle" : {
                  "cut_type" : 1,
                  "type" : "WEBP",
                  "url" : "http://ww3.sinaimg.cn/or360/bd74b2edgw1evp2pn4jx6j20c809675p.jpg",
                  "width" : 360,
                  "height" : 270
                },
                "large" : {
                  "cut_type" : 1,
                  "type" : "JPEG",
                  "url" : "http://ww3.sinaimg.cn/wap720/bd74b2edgw1evp2pn4jx6j20c809675p.jpg",
                  "width" : "440",
                  "height" : "330"
                },
                "largest" : {
                  "cut_type" : 1,
                  "type" : "JPEG",
                  "url" : "http://ww3.sinaimg.cn/large/bd74b2edgw1evp2pn4jx6j20c809675p.jpg",
                  "width" : "440",
                  "height" : "330"
                },
                "pic_id" : "bd74b2edgw1evp2pn4jx6j20c809675p",
                "photo_tag" : 0,
                "original" : {
                  "cut_type" : 1,
                  "type" : "JPEG",
                  "url" : "http://ww3.sinaimg.cn/woriginal/bd74b2edgw1evp2pn4jx6j20c809675p.jpg",
                  "width" : "440",
                  "height" : "330"
                },
                "object_id" : "1042018:c1870ea5943db693f0425d7ac4463ded",
                "middleplus" : {
                  "cut_type" : 1,
                  "type" : "WEBP",
                  "url" : "http://ww3.sinaimg.cn/or480/bd74b2edgw1evp2pn4jx6j20c809675p.jpg",
                  "width" : "440",
                  "height" : "330"
                }
              },
              {
                "thumbnail" : {
                  "cut_type" : 1,
                  "type" : "WEBP",
                  "url" : "http://ww4.sinaimg.cn/or180/bd74b2edgw1evp2pmlsbyj20c8096t9x.jpg",
                  "width" : 200,
                  "height" : 150
                },
                "bmiddle" : {
                  "cut_type" : 1,
                  "type" : "WEBP",
                  "url" : "http://ww4.sinaimg.cn/or360/bd74b2edgw1evp2pmlsbyj20c8096t9x.jpg",
                  "width" : 360,
                  "height" : 270
                },
                "large" : {
                  "cut_type" : 1,
                  "type" : "JPEG",
                  "url" : "http://ww4.sinaimg.cn/wap720/bd74b2edgw1evp2pmlsbyj20c8096t9x.jpg",
                  "width" : "440",
                  "height" : "330"
                },
                "largest" : {
                  "cut_type" : 1,
                  "type" : "JPEG",
                  "url" : "http://ww4.sinaimg.cn/large/bd74b2edgw1evp2pmlsbyj20c8096t9x.jpg",
                  "width" : "440",
                  "height" : "330"
                },
                "pic_id" : "bd74b2edgw1evp2pmlsbyj20c8096t9x",
                "photo_tag" : 0,
                "original" : {
                  "cut_type" : 1,
                  "type" : "JPEG",
                  "url" : "http://ww4.sinaimg.cn/woriginal/bd74b2edgw1evp2pmlsbyj20c8096t9x.jpg",
                  "width" : "440",
                  "height" : "330"
                },
                "object_id" : "1042018:e5cbf922c529f6aab33a4522fbaec7eb",
                "middleplus" : {
                  "cut_type" : 1,
                  "type" : "WEBP",
                  "url" : "http://ww4.sinaimg.cn/or480/bd74b2edgw1evp2pmlsbyj20c8096t9x.jpg",
                  "width" : "440",
                  "height" : "330"
                }
              },
              {
                "thumbnail" : {
                  "cut_type" : 1,
                  "type" : "WEBP",
                  "url" : "http://ww2.sinaimg.cn/or180/bd74b2edgw1evp2pmp8xbj20c8096my7.jpg",
                  "width" : 200,
                  "height" : 150
                },
                "bmiddle" : {
                  "cut_type" : 1,
                  "type" : "WEBP",
                  "url" : "http://ww2.sinaimg.cn/or360/bd74b2edgw1evp2pmp8xbj20c8096my7.jpg",
                  "width" : 360,
                  "height" : 270
                },
                "large" : {
                  "cut_type" : 1,
                  "type" : "JPEG",
                  "url" : "http://ww2.sinaimg.cn/wap720/bd74b2edgw1evp2pmp8xbj20c8096my7.jpg",
                  "width" : "440",
                  "height" : "330"
                },
                "largest" : {
                  "cut_type" : 1,
                  "type" : "JPEG",
                  "url" : "http://ww2.sinaimg.cn/large/bd74b2edgw1evp2pmp8xbj20c8096my7.jpg",
                  "width" : "440",
                  "height" : "330"
                },
                "pic_id" : "bd74b2edgw1evp2pmp8xbj20c8096my7",
                "photo_tag" : 0,
                "original" : {
                  "cut_type" : 1,
                  "type" : "JPEG",
                  "url" : "http://ww2.sinaimg.cn/woriginal/bd74b2edgw1evp2pmp8xbj20c8096my7.jpg",
                  "width" : "440",
                  "height" : "330"
                },
                "object_id" : "1042018:b9edad036b83c5a12dcbed728dfa7df3",
                "middleplus" : {
                  "cut_type" : 1,
                  "type" : "WEBP",
                  "url" : "http://ww2.sinaimg.cn/or480/bd74b2edgw1evp2pmp8xbj20c8096my7.jpg",
                  "width" : "440",
                  "height" : "330"
                }
              },
              {
                "thumbnail" : {
                  "cut_type" : 1,
                  "type" : "WEBP",
                  "url" : "http://ww2.sinaimg.cn/or180/bd74b2edgw1evp2pn6cs4j20c80963zy.jpg",
                  "width" : 200,
                  "height" : 150
                },
                "bmiddle" : {
                  "cut_type" : 1,
                  "type" : "WEBP",
                  "url" : "http://ww2.sinaimg.cn/or360/bd74b2edgw1evp2pn6cs4j20c80963zy.jpg",
                  "width" : 360,
                  "height" : 270
                },
                "large" : {
                  "cut_type" : 1,
                  "type" : "JPEG",
                  "url" : "http://ww2.sinaimg.cn/wap720/bd74b2edgw1evp2pn6cs4j20c80963zy.jpg",
                  "width" : "440",
                  "height" : "330"
                },
                "largest" : {
                  "cut_type" : 1,
                  "type" : "JPEG",
                  "url" : "http://ww2.sinaimg.cn/large/bd74b2edgw1evp2pn6cs4j20c80963zy.jpg",
                  "width" : "440",
                  "height" : "330"
                },
                "pic_id" : "bd74b2edgw1evp2pn6cs4j20c80963zy",
                "photo_tag" : 0,
                "original" : {
                  "cut_type" : 1,
                  "type" : "JPEG",
                  "url" : "http://ww2.sinaimg.cn/woriginal/bd74b2edgw1evp2pn6cs4j20c80963zy.jpg",
                  "width" : "440",
                  "height" : "330"
                },
                "object_id" : "1042018:5a749c7257f24e94b7cedac601e493e7",
                "middleplus" : {
                  "cut_type" : 1,
                  "type" : "WEBP",
                  "url" : "http://ww2.sinaimg.cn/or480/bd74b2edgw1evp2pn6cs4j20c80963zy.jpg",
                  "width" : "440",
                  "height" : "330"
                }
              },
              {
                "thumbnail" : {
                  "cut_type" : 1,
                  "type" : "WEBP",
                  "url" : "http://ww3.sinaimg.cn/or180/bd74b2edgw1evp2pnjynpj20c8096gn2.jpg",
                  "width" : 200,
                  "height" : 150
                },
                "bmiddle" : {
                  "cut_type" : 1,
                  "type" : "WEBP",
                  "url" : "http://ww3.sinaimg.cn/or360/bd74b2edgw1evp2pnjynpj20c8096gn2.jpg",
                  "width" : 360,
                  "height" : 270
                },
                "large" : {
                  "cut_type" : 1,
                  "type" : "JPEG",
                  "url" : "http://ww3.sinaimg.cn/wap720/bd74b2edgw1evp2pnjynpj20c8096gn2.jpg",
                  "width" : "440",
                  "height" : "330"
                },
                "largest" : {
                  "cut_type" : 1,
                  "type" : "JPEG",
                  "url" : "http://ww3.sinaimg.cn/large/bd74b2edgw1evp2pnjynpj20c8096gn2.jpg",
                  "width" : "440",
                  "height" : "330"
                },
                "pic_id" : "bd74b2edgw1evp2pnjynpj20c8096gn2",
                "photo_tag" : 0,
                "original" : {
                  "cut_type" : 1,
                  "type" : "JPEG",
                  "url" : "http://ww3.sinaimg.cn/woriginal/bd74b2edgw1evp2pnjynpj20c8096gn2.jpg",
                  "width" : "440",
                  "height" : "330"
                },
                "object_id" : "1042018:9b34202074613310fd00706dbe69346f",
                "middleplus" : {
                  "cut_type" : 1,
                  "type" : "WEBP",
                  "url" : "http://ww3.sinaimg.cn/or480/bd74b2edgw1evp2pnjynpj20c8096gn2.jpg",
                  "width" : "440",
                  "height" : "330"
                }
              }
        ]
      }
    ]
}
