{
    "moments" : [
        {
            "text" : "我想就这样牵着你的手不放开，爱能不能够永远单纯没有悲哀",
            "idstr" : "3883668248182830",
            "source" : "QQ音乐",
            "source_allowclick" : 0,
            "source_url" : "",
            "created_at" : "Thu Sep 03 20:35:42 +0800 2015",
            "location" : "",
            "attitudes_status" : 0,
            "attitudes_count" : 0,
            "attitudes_list" : [

            ],
            "comments_count" : 0,
            "comments_list" : [

            ],
            "type" : 2,
            "shareInfo" : {
                "title" : "简单爱（周杰伦 2004 无与伦比 演唱会 Live CD）",
                "thumbImage" : "https://y.gtimg.cn/music/photo_new/T002R300x300M0000032ezFm3F53yO.jpg?max_age=2592000",
                "url" : "https://y.qq.com/n/yqq/song/0022nw6P1dcHgp.html?ADTAG=baiduald&play=1",
                "descr": "周杰伦",
                "shareInfoType" : 1
            },
            "user" : {
                "profile_image_url" : "http://tp2.sinaimg.cn/1401527553/50/5648353790/1",
                "avatar_large" : "http://tp2.sinaimg.cn/1401527553/180/5648353790/1",
                "idstr" : "1401527553",
                "screen_name" : "tombkeeper"
            }
        },
        {
            "text" : "我朝人民现在真是无理取闹到难以置信的境界，蔡康永阅兵日不发微博都要去洗版辱骂。",
            "idstr" : "3883358276598522",
            "source" : "",
            "source_allowclick" : 0,
            "source_url" : "",
            "created_at" : "Fri Sep 04 14:30:24 +0800 2015",
            "location" : "深圳 南山区",
            "attitudes_status" : 0,
            "attitudes_count" : 0,
            "attitudes_list" : [

            ],
            "comments_count" : 0,
            "comments_list" : [

            ],
            "user" : {
                "profile_image_url" : "http://tp1.sinaimg.cn/1648494332/50/40061279636/1",
                "avatar_large" : "http://tp1.sinaimg.cn/1648494332/180/40061279636/1",
                "idstr" : "1648494332",
                "screen_name" : "包昊军"
            },
            "pic_infos" : [
                {
                    "thumbnail" : {
                    "cut_type" : 1,
                    "type" : "WEBP",
                    "url" : "http://ww1.sinaimg.cn/or180/624206fcjw1evqeer5lvnj20jz0zk42f.jpg",
                    "width" : 180,
                    "height" : 320
                    },
                    "bmiddle" : {
                    "cut_type" : 1,
                    "type" : "WEBP",
                    "url" : "http://ww1.sinaimg.cn/or360/624206fcjw1evqeer5lvnj20jz0zk42f.jpg",
                    "width" : 360,
                    "height" : 640
                    },
                    "large" : {
                    "cut_type" : 1,
                    "type" : "JPEG",
                    "url" : "http://ww1.sinaimg.cn/wap720/624206fcjw1evqeer5lvnj20jz0zk42f.jpg",
                    "width" : "719",
                    "height" : "1280"
                    },
                    "largest" : {
                    "cut_type" : 1,
                    "type" : "JPEG",
                    "url" : "http://ww1.sinaimg.cn/large/624206fcjw1evqeer5lvnj20jz0zk42f.jpg",
                    "width" : "719",
                    "height" : "1280"
                    },
                    "pic_id" : "624206fcjw1evqeer5lvnj20jz0zk42f",
                    "photo_tag" : 0,
                    "original" : {
                    "cut_type" : 1,
                    "type" : "JPEG",
                    "url" : "http://ww1.sinaimg.cn/woriginal/624206fcjw1evqeer5lvnj20jz0zk42f.jpg",
                    "width" : "719",
                    "height" : "1280"
                    },
                    "object_id" : "1042018:190e2599badef6aca694a9f88d783b2d",
                    "middleplus" : {
                    "cut_type" : 1,
                    "type" : "WEBP",
                    "url" : "http://ww1.sinaimg.cn/or480/624206fcjw1evqeer5lvnj20jz0zk42f.jpg",
                    "width" : 480,
                    "height" : 854
                    }
                },
                {
                    "thumbnail" : {
                    "cut_type" : 1,
                    "type" : "WEBP",
                    "url" : "http://ww3.sinaimg.cn/or180/624206fcjw1evqeercejbj20jz0zkgp4.jpg",
                    "width" : 180,
                    "height" : 320
                    },
                    "bmiddle" : {
                    "cut_type" : 1,
                    "type" : "WEBP",
                    "url" : "http://ww3.sinaimg.cn/or360/624206fcjw1evqeercejbj20jz0zkgp4.jpg",
                    "width" : 360,
                    "height" : 640
                    },
                    "large" : {
                    "cut_type" : 1,
                    "type" : "JPEG",
                    "url" : "http://ww3.sinaimg.cn/wap720/624206fcjw1evqeercejbj20jz0zkgp4.jpg",
                    "width" : "719",
                    "height" : "1280"
                    },
                    "largest" : {
                    "cut_type" : 1,
                    "type" : "JPEG",
                    "url" : "http://ww3.sinaimg.cn/large/624206fcjw1evqeercejbj20jz0zkgp4.jpg",
                    "width" : "719",
                    "height" : "1280"
                    },
                    "pic_id" : "624206fcjw1evqeercejbj20jz0zkgp4",
                    "photo_tag" : 0,
                    "original" : {
                    "cut_type" : 1,
                    "type" : "JPEG",
                    "url" : "http://ww3.sinaimg.cn/woriginal/624206fcjw1evqeercejbj20jz0zkgp4.jpg",
                    "width" : "719",
                    "height" : "1280"
                    },
                    "object_id" : "1042018:c29f335986217430c019a16296589b07",
                    "middleplus" : {
                    "cut_type" : 1,
                    "type" : "WEBP",
                    "url" : "http://ww3.sinaimg.cn/or480/624206fcjw1evqeercejbj20jz0zkgp4.jpg",
                    "width" : 480,
                    "height" : 854
                    }
                },
                {
                    "thumbnail" : {
                    "cut_type" : 1,
                    "type" : "WEBP",
                    "url" : "http://ww4.sinaimg.cn/or180/624206fcjw1evqeeqm0udj20jz0zktbx.jpg",
                    "width" : 180,
                    "height" : 320
                    },
                    "bmiddle" : {
                    "cut_type" : 1,
                    "type" : "WEBP",
                    "url" : "http://ww4.sinaimg.cn/or360/624206fcjw1evqeeqm0udj20jz0zktbx.jpg",
                    "width" : 360,
                    "height" : 640
                    },
                    "large" : {
                    "cut_type" : 1,
                    "type" : "JPEG",
                    "url" : "http://ww4.sinaimg.cn/wap720/624206fcjw1evqeeqm0udj20jz0zktbx.jpg",
                    "width" : "719",
                    "height" : "1280"
                    },
                    "largest" : {
                    "cut_type" : 1,
                    "type" : "JPEG",
                    "url" : "http://ww4.sinaimg.cn/large/624206fcjw1evqeeqm0udj20jz0zktbx.jpg",
                    "width" : "719",
                    "height" : "1280"
                    },
                    "pic_id" : "624206fcjw1evqeeqm0udj20jz0zktbx",
                    "photo_tag" : 0,
                    "original" : {
                    "cut_type" : 1,
                    "type" : "JPEG",
                    "url" : "http://ww4.sinaimg.cn/woriginal/624206fcjw1evqeeqm0udj20jz0zktbx.jpg",
                    "width" : "719",
                    "height" : "1280"
                    },
                    "object_id" : "1042018:5ea95ad56a43654d8985875379ad2096",
                    "middleplus" : {
                    "cut_type" : 1,
                    "type" : "WEBP",
                    "url" : "http://ww4.sinaimg.cn/or480/624206fcjw1evqeeqm0udj20jz0zktbx.jpg",
                    "width" : 480,
                    "height" : 854
                    }
                },
                {
                    "thumbnail" : {
                    "cut_type" : 1,
                    "type" : "WEBP",
                    "url" : "http://ww1.sinaimg.cn/or180/624206fcjw1evqeeqvoszj20jz0zk77r.jpg",
                    "width" : 180,
                    "height" : 320
                    },
                    "bmiddle" : {
                    "cut_type" : 1,
                    "type" : "WEBP",
                    "url" : "http://ww1.sinaimg.cn/or360/624206fcjw1evqeeqvoszj20jz0zk77r.jpg",
                    "width" : 360,
                    "height" : 640
                    },
                    "large" : {
                    "cut_type" : 1,
                    "type" : "JPEG",
                    "url" : "http://ww1.sinaimg.cn/wap720/624206fcjw1evqeeqvoszj20jz0zk77r.jpg",
                    "width" : "719",
                    "height" : "1280"
                    },
                    "largest" : {
                    "cut_type" : 1,
                    "type" : "JPEG",
                    "url" : "http://ww1.sinaimg.cn/large/624206fcjw1evqeeqvoszj20jz0zk77r.jpg",
                    "width" : "719",
                    "height" : "1280"
                    },
                    "pic_id" : "624206fcjw1evqeeqvoszj20jz0zk77r",
                    "photo_tag" : 0,
                    "original" : {
                    "cut_type" : 1,
                    "type" : "JPEG",
                    "url" : "http://ww1.sinaimg.cn/woriginal/624206fcjw1evqeeqvoszj20jz0zk77r.jpg",
                    "width" : "719",
                    "height" : "1280"
                    },
                    "object_id" : "1042018:044a0c139634068bd2871214865409f8",
                    "middleplus" : {
                    "cut_type" : 1,
                    "type" : "WEBP",
                    "url" : "http://ww1.sinaimg.cn/or480/624206fcjw1evqeeqvoszj20jz0zk77r.jpg",
                    "width" : 480,
                    "height" : 854
                    }
                }
                ]
        },
        {
            "text" : "【Mac 用户需谨慎，安装 MplayerX 送流氓软件】 MPlayerX App Store 开始收费，官网开始耍流氓。我们一直说下载软件要到官网下载，而 MPlayerX 用实际行动证明官网也不安全。 那个曾经 Mac 下最著名的视频播放器 MPlayerX，如今却和另外一个 Mac 下最臭名昭著的流氓软… http://t.cn/Ry2RHqC",
            "idstr" : "3883443597804902",
            "source" : "",
            "source_allowclick" : 0,
            "source_url" : "",
            "created_at" : "Fri Sep 04 20:09:26 +0800 2015",
            "location" : "",
            "attitudes_status" : 0,
            "attitudes_count" : 0,
            "attitudes_list" : [

            ],
            "comments_count" : 0,
            "comments_list" : [

            ],
            "user" : {
                "profile_image_url" : "http://tp1.sinaimg.cn/3256556000/50/5733114143/1",
                "avatar_large" : "http://tp1.sinaimg.cn/3256556000/180/5733114143/1",
                "idstr" : "3256556000",
                "screen_name" : "WETALK观点"
            },
            "pic_infos" : [
                {
                    "thumbnail" : {
                    "cut_type" : 1,
                    "type" : "WEBP",
                    "url" : "http://ww2.sinaimg.cn/or180/c21b19e0jw1evqog43ag0j20go0dt75b.jpg",
                    "width" : 181,
                    "height" : 150
                    },
                    "bmiddle" : {
                    "cut_type" : 1,
                    "type" : "WEBP",
                    "url" : "http://ww2.sinaimg.cn/or360/c21b19e0jw1evqog43ag0j20go0dt75b.jpg",
                    "width" : 325,
                    "height" : 270
                    },
                    "large" : {
                    "cut_type" : 1,
                    "type" : "JPEG",
                    "url" : "http://ww2.sinaimg.cn/wap720/c21b19e0jw1evqog43ag0j20go0dt75b.jpg",
                    "width" : "600",
                    "height" : "497"
                    },
                    "largest" : {
                    "cut_type" : 1,
                    "type" : "JPEG",
                    "url" : "http://ww2.sinaimg.cn/large/c21b19e0jw1evqog43ag0j20go0dt75b.jpg",
                    "width" : "600",
                    "height" : "497"
                    },
                    "pic_id" : "c21b19e0jw1evqog43ag0j20go0dt75b",
                    "photo_tag" : 0,
                    "original" : {
                    "cut_type" : 1,
                    "type" : "JPEG",
                    "url" : "http://ww2.sinaimg.cn/woriginal/c21b19e0jw1evqog43ag0j20go0dt75b.jpg",
                    "width" : "600",
                    "height" : "497"
                    },
                    "object_id" : "1042018:98cf5586cd872b39064b8cc947534cf7",
                    "middleplus" : {
                    "cut_type" : 1,
                    "type" : "WEBP",
                    "url" : "http://ww2.sinaimg.cn/or480/c21b19e0jw1evqog43ag0j20go0dt75b.jpg",
                    "width" : 434,
                    "height" : 360
                    }
                },
                {
                    "thumbnail" : {
                    "cut_type" : 1,
                    "type" : "WEBP",
                    "url" : "http://ww3.sinaimg.cn/or180/c21b19e0jw1evqog4a703j20go0cedgg.jpg",
                    "width" : 201,
                    "height" : 150
                    },
                    "bmiddle" : {
                    "cut_type" : 1,
                    "type" : "WEBP",
                    "url" : "http://ww3.sinaimg.cn/or360/c21b19e0jw1evqog4a703j20go0cedgg.jpg",
                    "width" : 363,
                    "height" : 270
                    },
                    "large" : {
                    "cut_type" : 1,
                    "type" : "JPEG",
                    "url" : "http://ww3.sinaimg.cn/wap720/c21b19e0jw1evqog4a703j20go0cedgg.jpg",
                    "width" : "600",
                    "height" : "446"
                    },
                    "largest" : {
                    "cut_type" : 1,
                    "type" : "JPEG",
                    "url" : "http://ww3.sinaimg.cn/large/c21b19e0jw1evqog4a703j20go0cedgg.jpg",
                    "width" : "600",
                    "height" : "446"
                    },
                    "pic_id" : "c21b19e0jw1evqog4a703j20go0cedgg",
                    "photo_tag" : 0,
                    "original" : {
                    "cut_type" : 1,
                    "type" : "JPEG",
                    "url" : "http://ww3.sinaimg.cn/woriginal/c21b19e0jw1evqog4a703j20go0cedgg.jpg",
                    "width" : "600",
                    "height" : "446"
                    },
                    "object_id" : "1042018:3e810241a2015d124a11ca08b957ad62",
                    "middleplus" : {
                    "cut_type" : 1,
                    "type" : "WEBP",
                    "url" : "http://ww3.sinaimg.cn/or480/c21b19e0jw1evqog4a703j20go0cedgg.jpg",
                    "width" : 484,
                    "height" : 360
                    }
                },
                {
                    "thumbnail" : {
                    "cut_type" : 1,
                    "type" : "WEBP",
                    "url" : "http://ww2.sinaimg.cn/or180/c21b19e0jw1evqog4kb2kj20go0cd3zu.jpg",
                    "width" : 202,
                    "height" : 150
                    },
                    "bmiddle" : {
                    "cut_type" : 1,
                    "type" : "WEBP",
                    "url" : "http://ww2.sinaimg.cn/or360/c21b19e0jw1evqog4kb2kj20go0cd3zu.jpg",
                    "width" : 364,
                    "height" : 270
                    },
                    "large" : {
                    "cut_type" : 1,
                    "type" : "JPEG",
                    "url" : "http://ww2.sinaimg.cn/wap720/c21b19e0jw1evqog4kb2kj20go0cd3zu.jpg",
                    "width" : "600",
                    "height" : "445"
                    },
                    "largest" : {
                    "cut_type" : 1,
                    "type" : "JPEG",
                    "url" : "http://ww2.sinaimg.cn/large/c21b19e0jw1evqog4kb2kj20go0cd3zu.jpg",
                    "width" : "600",
                    "height" : "445"
                    },
                    "pic_id" : "c21b19e0jw1evqog4kb2kj20go0cd3zu",
                    "photo_tag" : 0,
                    "original" : {
                    "cut_type" : 1,
                    "type" : "JPEG",
                    "url" : "http://ww2.sinaimg.cn/woriginal/c21b19e0jw1evqog4kb2kj20go0cd3zu.jpg",
                    "width" : "600",
                    "height" : "445"
                    },
                    "object_id" : "1042018:37ab46d3d43e997f3d9fab69815e8b7c",
                    "middleplus" : {
                    "cut_type" : 1,
                    "type" : "WEBP",
                    "url" : "http://ww2.sinaimg.cn/or480/c21b19e0jw1evqog4kb2kj20go0cd3zu.jpg",
                    "width" : 485,
                    "height" : 360
                    }
                },
                {
                    "thumbnail" : {
                    "cut_type" : 1,
                    "type" : "WEBP",
                    "url" : "http://ww1.sinaimg.cn/or180/c21b19e0jw1evqog4dy63j20go0cf3zv.jpg",
                    "width" : 201,
                    "height" : 150
                    },
                    "bmiddle" : {
                    "cut_type" : 1,
                    "type" : "WEBP",
                    "url" : "http://ww1.sinaimg.cn/or360/c21b19e0jw1evqog4dy63j20go0cf3zv.jpg",
                    "width" : 362,
                    "height" : 270
                    },
                    "large" : {
                    "cut_type" : 1,
                    "type" : "JPEG",
                    "url" : "http://ww1.sinaimg.cn/wap720/c21b19e0jw1evqog4dy63j20go0cf3zv.jpg",
                    "width" : "600",
                    "height" : "447"
                    },
                    "largest" : {
                    "cut_type" : 1,
                    "type" : "JPEG",
                    "url" : "http://ww1.sinaimg.cn/large/c21b19e0jw1evqog4dy63j20go0cf3zv.jpg",
                    "width" : "600",
                    "height" : "447"
                    },
                    "pic_id" : "c21b19e0jw1evqog4dy63j20go0cf3zv",
                    "photo_tag" : 0,
                    "original" : {
                    "cut_type" : 1,
                    "type" : "JPEG",
                    "url" : "http://ww1.sinaimg.cn/woriginal/c21b19e0jw1evqog4dy63j20go0cf3zv.jpg",
                    "width" : "600",
                    "height" : "447"
                    },
                    "object_id" : "1042018:ef0a4cc7ebe654ba4bb2ad14c8ac15ce",
                    "middleplus" : {
                    "cut_type" : 1,
                    "type" : "WEBP",
                    "url" : "http://ww1.sinaimg.cn/or480/c21b19e0jw1evqog4dy63j20go0cf3zv.jpg",
                    "width" : 483,
                    "height" : 360
                    }
                },
                {
                    "thumbnail" : {
                    "cut_type" : 1,
                    "type" : "WEBP",
                    "url" : "http://ww1.sinaimg.cn/or180/c21b19e0jw1evqog3v71ij20go09m3yz.jpg",
                    "width" : 260,
                    "height" : 150
                    },
                    "bmiddle" : {
                    "cut_type" : 1,
                    "type" : "WEBP",
                    "url" : "http://ww1.sinaimg.cn/or360/c21b19e0jw1evqog3v71ij20go09m3yz.jpg",
                    "width" : 468,
                    "height" : 270
                    },
                    "large" : {
                    "cut_type" : 1,
                    "type" : "JPEG",
                    "url" : "http://ww1.sinaimg.cn/wap720/c21b19e0jw1evqog3v71ij20go09m3yz.jpg",
                    "width" : "600",
                    "height" : "346"
                    },
                    "largest" : {
                    "cut_type" : 1,
                    "type" : "JPEG",
                    "url" : "http://ww1.sinaimg.cn/large/c21b19e0jw1evqog3v71ij20go09m3yz.jpg",
                    "width" : "600",
                    "height" : "346"
                    },
                    "pic_id" : "c21b19e0jw1evqog3v71ij20go09m3yz",
                    "photo_tag" : 0,
                    "original" : {
                    "cut_type" : 1,
                    "type" : "JPEG",
                    "url" : "http://ww1.sinaimg.cn/woriginal/c21b19e0jw1evqog3v71ij20go09m3yz.jpg",
                    "width" : "600",
                    "height" : "346"
                    },
                    "object_id" : "1042018:6517040e1f5efc3abecc2b02d7b56982",
                    "middleplus" : {
                    "cut_type" : 1,
                    "type" : "WEBP",
                    "url" : "http://ww1.sinaimg.cn/or480/c21b19e0jw1evqog3v71ij20go09m3yz.jpg",
                    "width" : "600",
                    "height" : "346"
                    }
                }
                ]
        },
        {
            "text" : "新的房子已经装潢好了，剩下的就是遥遥无期的还债旅程~",
            "idstr" : "3883668055758212",
            "source" : "",
            "source_allowclick" : 0,
            "source_url" : "",
            "created_at" : "Thu Sep 03 20:35:42 +0800 2015",
            "location" : "",
            "attitudes_status" : 0,
            "attitudes_count" : 0,
            "attitudes_list" : [

            ],
            "comments_count" : 0,
            "comments_list" : [
                {
                   "idstr" : "3883144392991724",
                   "moment_idstr" :"3883144392991722",
                   "text" : "敢不敢装修的低调点...[笑cry][笑cry][笑cry]",
                   "created_at" : "Fri Sep 04 00:07:04 +0800 2015",
                   "from_user" : {
                       "profile_image_url" : "http://tp3.sinaimg.cn/2630646082/50/40073330660/1",
                       "avatar_large" : "http://tp4.sinaimg.cn/2630646082/180/22871434059/1",
                       "idstr" : "2630646082",
                       "screen_name" : "photoshop资源库"
                   },
                   "to_user" : {
                       "profile_image_url" : "http://tp4.sinaimg.cn/1448595507/50/22871434059/1",
                       "avatar_large" : "http://tp4.sinaimg.cn/1448595507/180/22871434059/1",
                       "idstr" : "1448595507",
                       "screen_name" : "UI中国"
                   }
                }
            ],
            "type" : 1,
            "shareInfo" : null,
            "videoInfo" : {
                "idstr" : "10086",
                "playUrl" : "",
                "duration" : 10,
                "coverUrl" : "",
                "fileName" : "WeChatSight.mp4"
            },
            "user" : {
                "profile_image_url" : "http://tp2.sinaimg.cn/3178541805/180/5718597241/1",
                "avatar_large" : "http://tp2.sinaimg.cn/3178541805/50/5718597241/1",
                "idstr" : "3178541805",
                "screen_name" : "Sai资源库"
            }
        }
        
    ]
}
